2023-01-14 14:37:23.753  INFO 17120 --- [main] i.s.userprofile.UserprofileApplication   : Starting UserprofileApplication using Java 17.0.5 on LAPTOP-0JDK5SNE with PID 17120 (C:\natwest\Hackathon\mock-springboot-hackathon\contactapi\userprofile\target\classes started by Admin in C:\natwest\Hackathon\mock-springboot-hackathon\contactapi)
2023-01-14 14:37:23.767 DEBUG 17120 --- [main] i.s.userprofile.UserprofileApplication   : Running with Spring Boot v2.7.8-SNAPSHOT, Spring v5.3.24
2023-01-14 14:37:23.768  INFO 17120 --- [main] i.s.userprofile.UserprofileApplication   : No active profile set, falling back to 1 default profile: "default"
2023-01-14 14:37:26.047  INFO 17120 --- [main] .s.d.r.c.RepositoryConfigurationDelegate : Bootstrapping Spring Data JPA repositories in DEFAULT mode.
2023-01-14 14:37:26.358  INFO 17120 --- [main] .s.d.r.c.RepositoryConfigurationDelegate : Finished Spring Data repository scanning in 273 ms. Found 1 JPA repository interfaces.
2023-01-14 14:37:26.786  INFO 17120 --- [main] o.s.cloud.context.scope.GenericScope     : BeanFactory id=0ee9a9ba-5df5-3f0f-a612-7660b716ec34
2023-01-14 14:37:28.782  INFO 17120 --- [main] o.s.b.w.embedded.tomcat.TomcatWebServer  : Tomcat initialized with port(s): 9001 (http)
2023-01-14 14:37:28.784  INFO 17120 --- [main] o.a.catalina.core.AprLifecycleListener   : Loaded Apache Tomcat Native library [1.2.35] using APR version [1.7.0].
2023-01-14 14:37:28.784  INFO 17120 --- [main] o.a.catalina.core.AprLifecycleListener   : APR capabilities: IPv6 [true], sendfile [true], accept filters [false], random [true], UDS [true].
2023-01-14 14:37:28.785  INFO 17120 --- [main] o.a.catalina.core.AprLifecycleListener   : APR/OpenSSL configuration: useAprConnector [false], useOpenSSL [true]
2023-01-14 14:37:28.869  INFO 17120 --- [main] o.a.catalina.core.AprLifecycleListener   : OpenSSL successfully initialized [OpenSSL 1.1.1q  5 Jul 2022]
2023-01-14 14:37:29.028  INFO 17120 --- [main] o.apache.catalina.core.StandardService   : Starting service [Tomcat]
2023-01-14 14:37:29.029  INFO 17120 --- [main] org.apache.catalina.core.StandardEngine  : Starting Servlet engine: [Apache Tomcat/9.0.70]
2023-01-14 14:37:29.518  INFO 17120 --- [main] o.a.c.c.C.[Tomcat].[localhost].[/]       : Initializing Spring embedded WebApplicationContext
2023-01-14 14:37:29.519  INFO 17120 --- [main] w.s.c.ServletWebServerApplicationContext : Root WebApplicationContext: initialization completed in 5519 ms
2023-01-14 14:37:30.692  INFO 17120 --- [main] o.hibernate.jpa.internal.util.LogHelper  : HHH000204: Processing PersistenceUnitInfo [name: default]
2023-01-14 14:37:30.958  INFO 17120 --- [main] org.hibernate.Version                    : HHH000412: Hibernate ORM core version 5.6.14.Final
2023-01-14 14:37:31.426  INFO 17120 --- [main] o.hibernate.annotations.common.Version   : HCANN000001: Hibernate Commons Annotations {5.1.2.Final}
2023-01-14 14:37:31.606  INFO 17120 --- [main] com.zaxxer.hikari.HikariDataSource       : HikariPool-1 - Starting...
2023-01-14 14:37:34.174  INFO 17120 --- [main] com.zaxxer.hikari.HikariDataSource       : HikariPool-1 - Start completed.
2023-01-14 14:37:34.302  INFO 17120 --- [main] org.hibernate.dialect.Dialect            : HHH000400: Using dialect: org.hibernate.dialect.MySQL8Dialect
2023-01-14 14:37:36.127  INFO 17120 --- [main] o.h.e.t.j.p.i.JtaPlatformInitiator       : HHH000490: Using JtaPlatform implementation: [org.hibernate.engine.transaction.jta.platform.internal.NoJtaPlatform]
2023-01-14 14:37:36.133  INFO 17120 --- [main] j.LocalContainerEntityManagerFactoryBean : Initialized JPA EntityManagerFactory for persistence unit 'default'
2023-01-14 14:37:36.235  WARN 17120 --- [main] JpaBaseConfiguration$JpaWebConfiguration : spring.jpa.open-in-view is enabled by default. Therefore, database queries may be performed during view rendering. Explicitly configure spring.jpa.open-in-view to disable this warning
2023-01-14 14:37:36.405  INFO 17120 --- [main] o.s.c.openfeign.FeignClientFactoryBean   : For 'contacts-service' URL not provided. Will try picking an instance via load-balancing.
2023-01-14 14:37:38.709  INFO 17120 --- [main] DiscoveryClientOptionalArgsConfiguration : Eureka HTTP Client uses RestTemplate.
2023-01-14 14:37:38.953  WARN 17120 --- [main] iguration$LoadBalancerCaffeineWarnLogger : Spring Cloud LoadBalancer is currently working with the default cache. While this cache implementation is useful for development and tests, it's recommended to use Caffeine cache in production.You can switch to using Caffeine cache, by adding it and org.springframework.cache.caffeine.CaffeineCacheManager to the classpath.
2023-01-14 14:37:39.010  INFO 17120 --- [main] o.s.c.n.eureka.InstanceInfoFactory       : Setting initial instance status as: STARTING
2023-01-14 14:37:39.441  INFO 17120 --- [main] com.netflix.discovery.DiscoveryClient    : Initializing Eureka in region us-east-1
2023-01-14 14:37:39.464  INFO 17120 --- [main] c.n.d.s.r.aws.ConfigClusterResolver      : Resolving eureka endpoints via configuration
2023-01-14 14:37:39.510  INFO 17120 --- [main] com.netflix.discovery.DiscoveryClient    : Disable delta property : false
2023-01-14 14:37:39.510  INFO 17120 --- [main] com.netflix.discovery.DiscoveryClient    : Single vip registry refresh property : null
2023-01-14 14:37:39.510  INFO 17120 --- [main] com.netflix.discovery.DiscoveryClient    : Force full registry fetch : false
2023-01-14 14:37:39.510  INFO 17120 --- [main] com.netflix.discovery.DiscoveryClient    : Application is null : false
2023-01-14 14:37:39.511  INFO 17120 --- [main] com.netflix.discovery.DiscoveryClient    : Registered Applications size is zero : true
2023-01-14 14:37:39.511  INFO 17120 --- [main] com.netflix.discovery.DiscoveryClient    : Application version is -1: true
2023-01-14 14:37:39.511  INFO 17120 --- [main] com.netflix.discovery.DiscoveryClient    : Getting all instance registry info from the eureka server
2023-01-14 14:37:40.109  INFO 17120 --- [main] c.n.d.s.t.d.RedirectingEurekaHttpClient  : Request execution error. endpoint=DefaultEndpoint{ serviceUrl='http://localhost:8761/eureka/}, exception=I/O error on GET request for "http://localhost:8761/eureka/apps/": Connect to localhost:8761 [localhost/127.0.0.1, localhost/0:0:0:0:0:0:0:1] failed: Connection refused: connect; nested exception is org.apache.http.conn.HttpHostConnectException: Connect to localhost:8761 [localhost/127.0.0.1, localhost/0:0:0:0:0:0:0:1] failed: Connection refused: connect stacktrace=org.springframework.web.client.ResourceAccessException: I/O error on GET request for "http://localhost:8761/eureka/apps/": Connect to localhost:8761 [localhost/127.0.0.1, localhost/0:0:0:0:0:0:0:1] failed: Connection refused: connect; nested exception is org.apache.http.conn.HttpHostConnectException: Connect to localhost:8761 [localhost/127.0.0.1, localhost/0:0:0:0:0:0:0:1] failed: Connection refused: connect
	at org.springframework.web.client.RestTemplate.doExecute(RestTemplate.java:791)
	at org.springframework.web.client.RestTemplate.execute(RestTemplate.java:717)
	at org.springframework.web.client.RestTemplate.exchange(RestTemplate.java:608)
	at org.springframework.cloud.netflix.eureka.http.RestTemplateEurekaHttpClient.getApplicationsInternal(RestTemplateEurekaHttpClient.java:145)
	at org.springframework.cloud.netflix.eureka.http.RestTemplateEurekaHttpClient.getApplications(RestTemplateEurekaHttpClient.java:135)
	at com.netflix.discovery.shared.transport.decorator.EurekaHttpClientDecorator$6.execute(EurekaHttpClientDecorator.java:137)
	at com.netflix.discovery.shared.transport.decorator.RedirectingEurekaHttpClient.executeOnNewServer(RedirectingEurekaHttpClient.java:121)
	at com.netflix.discovery.shared.transport.decorator.RedirectingEurekaHttpClient.execute(RedirectingEurekaHttpClient.java:80)
	at com.netflix.discovery.shared.transport.decorator.EurekaHttpClientDecorator.getApplications(EurekaHttpClientDecorator.java:134)
	at com.netflix.discovery.shared.transport.decorator.EurekaHttpClientDecorator$6.execute(EurekaHttpClientDecorator.java:137)
	at com.netflix.discovery.shared.transport.decorator.RetryableEurekaHttpClient.execute(RetryableEurekaHttpClient.java:120)
	at com.netflix.discovery.shared.transport.decorator.EurekaHttpClientDecorator.getApplications(EurekaHttpClientDecorator.java:134)
	at com.netflix.discovery.shared.transport.decorator.EurekaHttpClientDecorator$6.execute(EurekaHttpClientDecorator.java:137)
	at com.netflix.discovery.shared.transport.decorator.SessionedEurekaHttpClient.execute(SessionedEurekaHttpClient.java:77)
	at com.netflix.discovery.shared.transport.decorator.EurekaHttpClientDecorator.getApplications(EurekaHttpClientDecorator.java:134)
	at com.netflix.discovery.DiscoveryClient.getAndStoreFullRegistry(DiscoveryClient.java:1101)
	at com.netflix.discovery.DiscoveryClient.fetchRegistry(DiscoveryClient.java:1014)
	at com.netflix.discovery.DiscoveryClient.<init>(DiscoveryClient.java:441)
	at com.netflix.discovery.DiscoveryClient.<init>(DiscoveryClient.java:283)
	at com.netflix.discovery.DiscoveryClient.<init>(DiscoveryClient.java:279)
	at org.springframework.cloud.netflix.eureka.CloudEurekaClient.<init>(CloudEurekaClient.java:66)
	at org.springframework.cloud.netflix.eureka.EurekaClientAutoConfiguration$RefreshableEurekaClientConfiguration.eurekaClient(EurekaClientAutoConfiguration.java:295)
	at java.base/jdk.internal.reflect.NativeMethodAccessorImpl.invoke0(Native Method)
	at java.base/jdk.internal.reflect.NativeMethodAccessorImpl.invoke(NativeMethodAccessorImpl.java:77)
	at java.base/jdk.internal.reflect.DelegatingMethodAccessorImpl.invoke(DelegatingMethodAccessorImpl.java:43)
	at java.base/java.lang.reflect.Method.invoke(Method.java:568)
	at org.springframework.beans.factory.support.SimpleInstantiationStrategy.instantiate(SimpleInstantiationStrategy.java:154)
	at org.springframework.beans.factory.support.ConstructorResolver.instantiate(ConstructorResolver.java:653)
	at org.springframework.beans.factory.support.ConstructorResolver.instantiateUsingFactoryMethod(ConstructorResolver.java:638)
	at org.springframework.beans.factory.support.AbstractAutowireCapableBeanFactory.instantiateUsingFactoryMethod(AbstractAutowireCapableBeanFactory.java:1352)
	at org.springframework.beans.factory.support.AbstractAutowireCapableBeanFactory.createBeanInstance(AbstractAutowireCapableBeanFactory.java:1195)
	at org.springframework.beans.factory.support.AbstractAutowireCapableBeanFactory.doCreateBean(AbstractAutowireCapableBeanFactory.java:582)
	at org.springframework.beans.factory.support.AbstractAutowireCapableBeanFactory.createBean(AbstractAutowireCapableBeanFactory.java:542)
	at org.springframework.beans.factory.support.AbstractBeanFactory.lambda$doGetBean$1(AbstractBeanFactory.java:374)
	at org.springframework.cloud.context.scope.GenericScope$BeanLifecycleWrapper.getBean(GenericScope.java:376)
	at org.springframework.cloud.context.scope.GenericScope.get(GenericScope.java:179)
	at org.springframework.beans.factory.support.AbstractBeanFactory.doGetBean(AbstractBeanFactory.java:371)
	at org.springframework.beans.factory.support.AbstractBeanFactory.getBean(AbstractBeanFactory.java:208)
	at org.springframework.aop.target.SimpleBeanTargetSource.getTarget(SimpleBeanTargetSource.java:35)
	at org.springframework.cloud.netflix.eureka.serviceregistry.EurekaRegistration.getTargetObject(EurekaRegistration.java:127)
	at org.springframework.cloud.netflix.eureka.serviceregistry.EurekaRegistration.getEurekaClient(EurekaRegistration.java:115)
	at java.base/jdk.internal.reflect.NativeMethodAccessorImpl.invoke0(Native Method)
	at java.base/jdk.internal.reflect.NativeMethodAccessorImpl.invoke(NativeMethodAccessorImpl.java:77)
	at java.base/jdk.internal.reflect.DelegatingMethodAccessorImpl.invoke(DelegatingMethodAccessorImpl.java:43)
	at java.base/java.lang.reflect.Method.invoke(Method.java:568)
	at org.springframework.util.ReflectionUtils.invokeMethod(ReflectionUtils.java:282)
	at org.springframework.cloud.context.scope.GenericScope$LockedScopedProxyFactoryBean.invoke(GenericScope.java:485)
	at org.springframework.aop.framework.ReflectiveMethodInvocation.proceed(ReflectiveMethodInvocation.java:186)
	at org.springframework.aop.framework.CglibAopProxy$CglibMethodInvocation.proceed(CglibAopProxy.java:763)
	at org.springframework.aop.framework.CglibAopProxy$DynamicAdvisedInterceptor.intercept(CglibAopProxy.java:708)
	at org.springframework.cloud.netflix.eureka.serviceregistry.EurekaRegistration$$EnhancerBySpringCGLIB$$8a3afc98.getEurekaClient(<generated>)
	at org.springframework.cloud.netflix.eureka.serviceregistry.EurekaServiceRegistry.maybeInitializeClient(EurekaServiceRegistry.java:54)
	at org.springframework.cloud.netflix.eureka.serviceregistry.EurekaServiceRegistry.register(EurekaServiceRegistry.java:38)
	at org.springframework.cloud.netflix.eureka.serviceregistry.EurekaAutoServiceRegistration.start(EurekaAutoServiceRegistration.java:83)
	at org.springframework.context.support.DefaultLifecycleProcessor.doStart(DefaultLifecycleProcessor.java:178)
	at org.springframework.context.support.DefaultLifecycleProcessor.access$200(DefaultLifecycleProcessor.java:54)
	at org.springframework.context.support.DefaultLifecycleProcessor$LifecycleGroup.start(DefaultLifecycleProcessor.java:356)
	at java.base/java.lang.Iterable.forEach(Iterable.java:75)
	at org.springframework.context.support.DefaultLifecycleProcessor.startBeans(DefaultLifecycleProcessor.java:155)
	at org.springframework.context.support.DefaultLifecycleProcessor.onRefresh(DefaultLifecycleProcessor.java:123)
	at org.springframework.context.support.AbstractApplicationContext.finishRefresh(AbstractApplicationContext.java:935)
	at org.springframework.context.support.AbstractApplicationContext.refresh(AbstractApplicationContext.java:586)
	at org.springframework.boot.web.servlet.context.ServletWebServerApplicationContext.refresh(ServletWebServerApplicationContext.java:147)
	at org.springframework.boot.SpringApplication.refresh(SpringApplication.java:731)
	at org.springframework.boot.SpringApplication.refreshContext(SpringApplication.java:408)
	at org.springframework.boot.SpringApplication.run(SpringApplication.java:307)
	at org.springframework.boot.SpringApplication.run(SpringApplication.java:1303)
	at org.springframework.boot.SpringApplication.run(SpringApplication.java:1292)
	at in.stackroute.userprofile.UserprofileApplication.main(UserprofileApplication.java:18)
Caused by: org.apache.http.conn.HttpHostConnectException: Connect to localhost:8761 [localhost/127.0.0.1, localhost/0:0:0:0:0:0:0:1] failed: Connection refused: connect
	at org.apache.http.impl.conn.DefaultHttpClientConnectionOperator.connect(DefaultHttpClientConnectionOperator.java:156)
	at org.apache.http.impl.conn.PoolingHttpClientConnectionManager.connect(PoolingHttpClientConnectionManager.java:376)
	at org.apache.http.impl.execchain.MainClientExec.establishRoute(MainClientExec.java:393)
	at org.apache.http.impl.execchain.MainClientExec.execute(MainClientExec.java:236)
	at org.apache.http.impl.execchain.ProtocolExec.execute(ProtocolExec.java:186)
	at org.apache.http.impl.execchain.RetryExec.execute(RetryExec.java:89)
	at org.apache.http.impl.execchain.RedirectExec.execute(RedirectExec.java:110)
	at org.apache.http.impl.client.InternalHttpClient.doExecute(InternalHttpClient.java:185)
	at org.apache.http.impl.client.CloseableHttpClient.execute(CloseableHttpClient.java:83)
	at org.apache.http.impl.client.CloseableHttpClient.execute(CloseableHttpClient.java:56)
	at org.springframework.http.client.HttpComponentsClientHttpRequest.executeInternal(HttpComponentsClientHttpRequest.java:87)
	at org.springframework.http.client.AbstractBufferingClientHttpRequest.executeInternal(AbstractBufferingClientHttpRequest.java:48)
	at org.springframework.http.client.AbstractClientHttpRequest.execute(AbstractClientHttpRequest.java:66)
	at org.springframework.web.client.RestTemplate.doExecute(RestTemplate.java:782)
	... 68 more
Caused by: java.net.ConnectException: Connection refused: connect
	at java.base/sun.nio.ch.Net.connect0(Native Method)
	at java.base/sun.nio.ch.Net.connect(Net.java:579)
	at java.base/sun.nio.ch.Net.connect(Net.java:568)
	at java.base/sun.nio.ch.NioSocketImpl.connect(NioSocketImpl.java:588)
	at java.base/java.net.SocksSocketImpl.connect(SocksSocketImpl.java:327)
	at java.base/java.net.Socket.connect(Socket.java:633)
	at org.apache.http.conn.socket.PlainConnectionSocketFactory.connectSocket(PlainConnectionSocketFactory.java:75)
	at org.apache.http.impl.conn.DefaultHttpClientConnectionOperator.connect(DefaultHttpClientConnectionOperator.java:142)
	... 81 more

2023-01-14 14:37:40.109  WARN 17120 --- [main] c.n.d.s.t.d.RetryableEurekaHttpClient    : Request execution failed with message: I/O error on GET request for "http://localhost:8761/eureka/apps/": Connect to localhost:8761 [localhost/127.0.0.1, localhost/0:0:0:0:0:0:0:1] failed: Connection refused: connect; nested exception is org.apache.http.conn.HttpHostConnectException: Connect to localhost:8761 [localhost/127.0.0.1, localhost/0:0:0:0:0:0:0:1] failed: Connection refused: connect
2023-01-14 14:37:40.110  INFO 17120 --- [main] com.netflix.discovery.DiscoveryClient    : DiscoveryClient_USER-PROFILE-SERVICE/host.docker.internal:user-profile-service:9001 - was unable to refresh its cache! This periodic background refresh will be retried in 30 seconds. status = Cannot execute request on any known server stacktrace = com.netflix.discovery.shared.transport.TransportException: Cannot execute request on any known server
	at com.netflix.discovery.shared.transport.decorator.RetryableEurekaHttpClient.execute(RetryableEurekaHttpClient.java:112)
	at com.netflix.discovery.shared.transport.decorator.EurekaHttpClientDecorator.getApplications(EurekaHttpClientDecorator.java:134)
	at com.netflix.discovery.shared.transport.decorator.EurekaHttpClientDecorator$6.execute(EurekaHttpClientDecorator.java:137)
	at com.netflix.discovery.shared.transport.decorator.SessionedEurekaHttpClient.execute(SessionedEurekaHttpClient.java:77)
	at com.netflix.discovery.shared.transport.decorator.EurekaHttpClientDecorator.getApplications(EurekaHttpClientDecorator.java:134)
	at com.netflix.discovery.DiscoveryClient.getAndStoreFullRegistry(DiscoveryClient.java:1101)
	at com.netflix.discovery.DiscoveryClient.fetchRegistry(DiscoveryClient.java:1014)
	at com.netflix.discovery.DiscoveryClient.<init>(DiscoveryClient.java:441)
	at com.netflix.discovery.DiscoveryClient.<init>(DiscoveryClient.java:283)
	at com.netflix.discovery.DiscoveryClient.<init>(DiscoveryClient.java:279)
	at org.springframework.cloud.netflix.eureka.CloudEurekaClient.<init>(CloudEurekaClient.java:66)
	at org.springframework.cloud.netflix.eureka.EurekaClientAutoConfiguration$RefreshableEurekaClientConfiguration.eurekaClient(EurekaClientAutoConfiguration.java:295)
	at java.base/jdk.internal.reflect.NativeMethodAccessorImpl.invoke0(Native Method)
	at java.base/jdk.internal.reflect.NativeMethodAccessorImpl.invoke(NativeMethodAccessorImpl.java:77)
	at java.base/jdk.internal.reflect.DelegatingMethodAccessorImpl.invoke(DelegatingMethodAccessorImpl.java:43)
	at java.base/java.lang.reflect.Method.invoke(Method.java:568)
	at org.springframework.beans.factory.support.SimpleInstantiationStrategy.instantiate(SimpleInstantiationStrategy.java:154)
	at org.springframework.beans.factory.support.ConstructorResolver.instantiate(ConstructorResolver.java:653)
	at org.springframework.beans.factory.support.ConstructorResolver.instantiateUsingFactoryMethod(ConstructorResolver.java:638)
	at org.springframework.beans.factory.support.AbstractAutowireCapableBeanFactory.instantiateUsingFactoryMethod(AbstractAutowireCapableBeanFactory.java:1352)
	at org.springframework.beans.factory.support.AbstractAutowireCapableBeanFactory.createBeanInstance(AbstractAutowireCapableBeanFactory.java:1195)
	at org.springframework.beans.factory.support.AbstractAutowireCapableBeanFactory.doCreateBean(AbstractAutowireCapableBeanFactory.java:582)
	at org.springframework.beans.factory.support.AbstractAutowireCapableBeanFactory.createBean(AbstractAutowireCapableBeanFactory.java:542)
	at org.springframework.beans.factory.support.AbstractBeanFactory.lambda$doGetBean$1(AbstractBeanFactory.java:374)
	at org.springframework.cloud.context.scope.GenericScope$BeanLifecycleWrapper.getBean(GenericScope.java:376)
	at org.springframework.cloud.context.scope.GenericScope.get(GenericScope.java:179)
	at org.springframework.beans.factory.support.AbstractBeanFactory.doGetBean(AbstractBeanFactory.java:371)
	at org.springframework.beans.factory.support.AbstractBeanFactory.getBean(AbstractBeanFactory.java:208)
	at org.springframework.aop.target.SimpleBeanTargetSource.getTarget(SimpleBeanTargetSource.java:35)
	at org.springframework.cloud.netflix.eureka.serviceregistry.EurekaRegistration.getTargetObject(EurekaRegistration.java:127)
	at org.springframework.cloud.netflix.eureka.serviceregistry.EurekaRegistration.getEurekaClient(EurekaRegistration.java:115)
	at java.base/jdk.internal.reflect.NativeMethodAccessorImpl.invoke0(Native Method)
	at java.base/jdk.internal.reflect.NativeMethodAccessorImpl.invoke(NativeMethodAccessorImpl.java:77)
	at java.base/jdk.internal.reflect.DelegatingMethodAccessorImpl.invoke(DelegatingMethodAccessorImpl.java:43)
	at java.base/java.lang.reflect.Method.invoke(Method.java:568)
	at org.springframework.util.ReflectionUtils.invokeMethod(ReflectionUtils.java:282)
	at org.springframework.cloud.context.scope.GenericScope$LockedScopedProxyFactoryBean.invoke(GenericScope.java:485)
	at org.springframework.aop.framework.ReflectiveMethodInvocation.proceed(ReflectiveMethodInvocation.java:186)
	at org.springframework.aop.framework.CglibAopProxy$CglibMethodInvocation.proceed(CglibAopProxy.java:763)
	at org.springframework.aop.framework.CglibAopProxy$DynamicAdvisedInterceptor.intercept(CglibAopProxy.java:708)
	at org.springframework.cloud.netflix.eureka.serviceregistry.EurekaRegistration$$EnhancerBySpringCGLIB$$8a3afc98.getEurekaClient(<generated>)
	at org.springframework.cloud.netflix.eureka.serviceregistry.EurekaServiceRegistry.maybeInitializeClient(EurekaServiceRegistry.java:54)
	at org.springframework.cloud.netflix.eureka.serviceregistry.EurekaServiceRegistry.register(EurekaServiceRegistry.java:38)
	at org.springframework.cloud.netflix.eureka.serviceregistry.EurekaAutoServiceRegistration.start(EurekaAutoServiceRegistration.java:83)
	at org.springframework.context.support.DefaultLifecycleProcessor.doStart(DefaultLifecycleProcessor.java:178)
	at org.springframework.context.support.DefaultLifecycleProcessor.access$200(DefaultLifecycleProcessor.java:54)
	at org.springframework.context.support.DefaultLifecycleProcessor$LifecycleGroup.start(DefaultLifecycleProcessor.java:356)
	at java.base/java.lang.Iterable.forEach(Iterable.java:75)
	at org.springframework.context.support.DefaultLifecycleProcessor.startBeans(DefaultLifecycleProcessor.java:155)
	at org.springframework.context.support.DefaultLifecycleProcessor.onRefresh(DefaultLifecycleProcessor.java:123)
	at org.springframework.context.support.AbstractApplicationContext.finishRefresh(AbstractApplicationContext.java:935)
	at org.springframework.context.support.AbstractApplicationContext.refresh(AbstractApplicationContext.java:586)
	at org.springframework.boot.web.servlet.context.ServletWebServerApplicationContext.refresh(ServletWebServerApplicationContext.java:147)
	at org.springframework.boot.SpringApplication.refresh(SpringApplication.java:731)
	at org.springframework.boot.SpringApplication.refreshContext(SpringApplication.java:408)
	at org.springframework.boot.SpringApplication.run(SpringApplication.java:307)
	at org.springframework.boot.SpringApplication.run(SpringApplication.java:1303)
	at org.springframework.boot.SpringApplication.run(SpringApplication.java:1292)
	at in.stackroute.userprofile.UserprofileApplication.main(UserprofileApplication.java:18)

2023-01-14 14:37:40.112  INFO 17120 --- [main] com.netflix.discovery.DiscoveryClient    : Initial registry fetch from primary servers failed
2023-01-14 14:37:40.112  WARN 17120 --- [main] com.netflix.discovery.DiscoveryClient    : Using default backup registry implementation which does not do anything.
2023-01-14 14:37:40.113  INFO 17120 --- [main] com.netflix.discovery.DiscoveryClient    : Initial registry fetch from backup servers failed
2023-01-14 14:37:40.115  INFO 17120 --- [main] com.netflix.discovery.DiscoveryClient    : Starting heartbeat executor: renew interval is: 30
2023-01-14 14:37:40.118  INFO 17120 --- [main] c.n.discovery.InstanceInfoReplicator     : InstanceInfoReplicator onDemand update allowed rate per min is 4
2023-01-14 14:37:40.128  INFO 17120 --- [main] com.netflix.discovery.DiscoveryClient    : Discovery Client initialized at timestamp 1673687260126 with initial instances count: 0
2023-01-14 14:37:40.130  INFO 17120 --- [main] o.s.c.n.e.s.EurekaServiceRegistry        : Registering application USER-PROFILE-SERVICE with eureka with status UP
2023-01-14 14:37:40.131  INFO 17120 --- [main] com.netflix.discovery.DiscoveryClient    : Saw local status change event StatusChangeEvent [timestamp=1673687260131, current=UP, previous=STARTING]
2023-01-14 14:37:40.133  INFO 17120 --- [DiscoveryClient-InstanceInfoReplicator-0] com.netflix.discovery.DiscoveryClient    : DiscoveryClient_USER-PROFILE-SERVICE/host.docker.internal:user-profile-service:9001: registering service...
2023-01-14 14:37:40.169  INFO 17120 --- [main] o.s.b.w.embedded.tomcat.TomcatWebServer  : Tomcat started on port(s): 9001 (http) with context path ''
2023-01-14 14:37:40.169  INFO 17120 --- [main] .s.c.n.e.s.EurekaAutoServiceRegistration : Updating port to 9001
2023-01-14 14:37:40.188  INFO 17120 --- [DiscoveryClient-InstanceInfoReplicator-0] c.n.d.s.t.d.RedirectingEurekaHttpClient  : Request execution error. endpoint=DefaultEndpoint{ serviceUrl='http://localhost:8761/eureka/}, exception=I/O error on POST request for "http://localhost:8761/eureka/apps/USER-PROFILE-SERVICE": Connect to localhost:8761 [localhost/127.0.0.1, localhost/0:0:0:0:0:0:0:1] failed: Connection refused: connect; nested exception is org.apache.http.conn.HttpHostConnectException: Connect to localhost:8761 [localhost/127.0.0.1, localhost/0:0:0:0:0:0:0:1] failed: Connection refused: connect stacktrace=org.springframework.web.client.ResourceAccessException: I/O error on POST request for "http://localhost:8761/eureka/apps/USER-PROFILE-SERVICE": Connect to localhost:8761 [localhost/127.0.0.1, localhost/0:0:0:0:0:0:0:1] failed: Connection refused: connect; nested exception is org.apache.http.conn.HttpHostConnectException: Connect to localhost:8761 [localhost/127.0.0.1, localhost/0:0:0:0:0:0:0:1] failed: Connection refused: connect
	at org.springframework.web.client.RestTemplate.doExecute(RestTemplate.java:791)
	at org.springframework.web.client.RestTemplate.execute(RestTemplate.java:717)
	at org.springframework.web.client.RestTemplate.exchange(RestTemplate.java:608)
	at org.springframework.cloud.netflix.eureka.http.RestTemplateEurekaHttpClient.register(RestTemplateEurekaHttpClient.java:77)
	at com.netflix.discovery.shared.transport.decorator.EurekaHttpClientDecorator$1.execute(EurekaHttpClientDecorator.java:59)
	at com.netflix.discovery.shared.transport.decorator.RedirectingEurekaHttpClient.executeOnNewServer(RedirectingEurekaHttpClient.java:121)
	at com.netflix.discovery.shared.transport.decorator.RedirectingEurekaHttpClient.execute(RedirectingEurekaHttpClient.java:80)
	at com.netflix.discovery.shared.transport.decorator.EurekaHttpClientDecorator.register(EurekaHttpClientDecorator.java:56)
	at com.netflix.discovery.shared.transport.decorator.EurekaHttpClientDecorator$1.execute(EurekaHttpClientDecorator.java:59)
	at com.netflix.discovery.shared.transport.decorator.RetryableEurekaHttpClient.execute(RetryableEurekaHttpClient.java:120)
	at com.netflix.discovery.shared.transport.decorator.EurekaHttpClientDecorator.register(EurekaHttpClientDecorator.java:56)
	at com.netflix.discovery.shared.transport.decorator.EurekaHttpClientDecorator$1.execute(EurekaHttpClientDecorator.java:59)
	at com.netflix.discovery.shared.transport.decorator.SessionedEurekaHttpClient.execute(SessionedEurekaHttpClient.java:77)
	at com.netflix.discovery.shared.transport.decorator.EurekaHttpClientDecorator.register(EurekaHttpClientDecorator.java:56)
	at com.netflix.discovery.DiscoveryClient.register(DiscoveryClient.java:876)
	at com.netflix.discovery.InstanceInfoReplicator.run(InstanceInfoReplicator.java:121)
	at com.netflix.discovery.InstanceInfoReplicator$1.run(InstanceInfoReplicator.java:101)
	at java.base/java.util.concurrent.Executors$RunnableAdapter.call(Executors.java:539)
	at java.base/java.util.concurrent.FutureTask.run(FutureTask.java:264)
	at java.base/java.util.concurrent.ScheduledThreadPoolExecutor$ScheduledFutureTask.run(ScheduledThreadPoolExecutor.java:304)
	at java.base/java.util.concurrent.ThreadPoolExecutor.runWorker(ThreadPoolExecutor.java:1136)
	at java.base/java.util.concurrent.ThreadPoolExecutor$Worker.run(ThreadPoolExecutor.java:635)
	at java.base/java.lang.Thread.run(Thread.java:833)
Caused by: org.apache.http.conn.HttpHostConnectException: Connect to localhost:8761 [localhost/127.0.0.1, localhost/0:0:0:0:0:0:0:1] failed: Connection refused: connect
	at org.apache.http.impl.conn.DefaultHttpClientConnectionOperator.connect(DefaultHttpClientConnectionOperator.java:156)
	at org.apache.http.impl.conn.PoolingHttpClientConnectionManager.connect(PoolingHttpClientConnectionManager.java:376)
	at org.apache.http.impl.execchain.MainClientExec.establishRoute(MainClientExec.java:393)
	at org.apache.http.impl.execchain.MainClientExec.execute(MainClientExec.java:236)
	at org.apache.http.impl.execchain.ProtocolExec.execute(ProtocolExec.java:186)
	at org.apache.http.impl.execchain.RetryExec.execute(RetryExec.java:89)
	at org.apache.http.impl.execchain.RedirectExec.execute(RedirectExec.java:110)
	at org.apache.http.impl.client.InternalHttpClient.doExecute(InternalHttpClient.java:185)
	at org.apache.http.impl.client.CloseableHttpClient.execute(CloseableHttpClient.java:83)
	at org.apache.http.impl.client.CloseableHttpClient.execute(CloseableHttpClient.java:56)
	at org.springframework.http.client.HttpComponentsClientHttpRequest.executeInternal(HttpComponentsClientHttpRequest.java:87)
	at org.springframework.http.client.AbstractBufferingClientHttpRequest.executeInternal(AbstractBufferingClientHttpRequest.java:48)
	at org.springframework.http.client.AbstractClientHttpRequest.execute(AbstractClientHttpRequest.java:66)
	at org.springframework.web.client.RestTemplate.doExecute(RestTemplate.java:782)
	... 22 more
Caused by: java.net.ConnectException: Connection refused: connect
	at java.base/sun.nio.ch.Net.connect0(Native Method)
	at java.base/sun.nio.ch.Net.connect(Net.java:579)
	at java.base/sun.nio.ch.Net.connect(Net.java:568)
	at java.base/sun.nio.ch.NioSocketImpl.connect(NioSocketImpl.java:588)
	at java.base/java.net.SocksSocketImpl.connect(SocksSocketImpl.java:327)
	at java.base/java.net.Socket.connect(Socket.java:633)
	at org.apache.http.conn.socket.PlainConnectionSocketFactory.connectSocket(PlainConnectionSocketFactory.java:75)
	at org.apache.http.impl.conn.DefaultHttpClientConnectionOperator.connect(DefaultHttpClientConnectionOperator.java:142)
	... 35 more

2023-01-14 14:37:40.189  WARN 17120 --- [DiscoveryClient-InstanceInfoReplicator-0] c.n.d.s.t.d.RetryableEurekaHttpClient    : Request execution failed with message: I/O error on POST request for "http://localhost:8761/eureka/apps/USER-PROFILE-SERVICE": Connect to localhost:8761 [localhost/127.0.0.1, localhost/0:0:0:0:0:0:0:1] failed: Connection refused: connect; nested exception is org.apache.http.conn.HttpHostConnectException: Connect to localhost:8761 [localhost/127.0.0.1, localhost/0:0:0:0:0:0:0:1] failed: Connection refused: connect
2023-01-14 14:37:40.210  WARN 17120 --- [DiscoveryClient-InstanceInfoReplicator-0] com.netflix.discovery.DiscoveryClient    : DiscoveryClient_USER-PROFILE-SERVICE/host.docker.internal:user-profile-service:9001 - registration failed Cannot execute request on any known server

com.netflix.discovery.shared.transport.TransportException: Cannot execute request on any known server
	at com.netflix.discovery.shared.transport.decorator.RetryableEurekaHttpClient.execute(RetryableEurekaHttpClient.java:112) ~[eureka-client-1.10.17.jar:1.10.17]
	at com.netflix.discovery.shared.transport.decorator.EurekaHttpClientDecorator.register(EurekaHttpClientDecorator.java:56) ~[eureka-client-1.10.17.jar:1.10.17]
	at com.netflix.discovery.shared.transport.decorator.EurekaHttpClientDecorator$1.execute(EurekaHttpClientDecorator.java:59) ~[eureka-client-1.10.17.jar:1.10.17]
	at com.netflix.discovery.shared.transport.decorator.SessionedEurekaHttpClient.execute(SessionedEurekaHttpClient.java:77) ~[eureka-client-1.10.17.jar:1.10.17]
	at com.netflix.discovery.shared.transport.decorator.EurekaHttpClientDecorator.register(EurekaHttpClientDecorator.java:56) ~[eureka-client-1.10.17.jar:1.10.17]
	at com.netflix.discovery.DiscoveryClient.register(DiscoveryClient.java:876) ~[eureka-client-1.10.17.jar:1.10.17]
	at com.netflix.discovery.InstanceInfoReplicator.run(InstanceInfoReplicator.java:121) ~[eureka-client-1.10.17.jar:1.10.17]
	at com.netflix.discovery.InstanceInfoReplicator$1.run(InstanceInfoReplicator.java:101) ~[eureka-client-1.10.17.jar:1.10.17]
	at java.base/java.util.concurrent.Executors$RunnableAdapter.call(Executors.java:539) ~[na:na]
	at java.base/java.util.concurrent.FutureTask.run(FutureTask.java:264) ~[na:na]
	at java.base/java.util.concurrent.ScheduledThreadPoolExecutor$ScheduledFutureTask.run(ScheduledThreadPoolExecutor.java:304) ~[na:na]
	at java.base/java.util.concurrent.ThreadPoolExecutor.runWorker(ThreadPoolExecutor.java:1136) ~[na:na]
	at java.base/java.util.concurrent.ThreadPoolExecutor$Worker.run(ThreadPoolExecutor.java:635) ~[na:na]
	at java.base/java.lang.Thread.run(Thread.java:833) ~[na:na]

2023-01-14 14:37:40.211  WARN 17120 --- [DiscoveryClient-InstanceInfoReplicator-0] c.n.discovery.InstanceInfoReplicator     : There was a problem with the instance info replicator

com.netflix.discovery.shared.transport.TransportException: Cannot execute request on any known server
	at com.netflix.discovery.shared.transport.decorator.RetryableEurekaHttpClient.execute(RetryableEurekaHttpClient.java:112) ~[eureka-client-1.10.17.jar:1.10.17]
	at com.netflix.discovery.shared.transport.decorator.EurekaHttpClientDecorator.register(EurekaHttpClientDecorator.java:56) ~[eureka-client-1.10.17.jar:1.10.17]
	at com.netflix.discovery.shared.transport.decorator.EurekaHttpClientDecorator$1.execute(EurekaHttpClientDecorator.java:59) ~[eureka-client-1.10.17.jar:1.10.17]
	at com.netflix.discovery.shared.transport.decorator.SessionedEurekaHttpClient.execute(SessionedEurekaHttpClient.java:77) ~[eureka-client-1.10.17.jar:1.10.17]
	at com.netflix.discovery.shared.transport.decorator.EurekaHttpClientDecorator.register(EurekaHttpClientDecorator.java:56) ~[eureka-client-1.10.17.jar:1.10.17]
	at com.netflix.discovery.DiscoveryClient.register(DiscoveryClient.java:876) ~[eureka-client-1.10.17.jar:1.10.17]
	at com.netflix.discovery.InstanceInfoReplicator.run(InstanceInfoReplicator.java:121) ~[eureka-client-1.10.17.jar:1.10.17]
	at com.netflix.discovery.InstanceInfoReplicator$1.run(InstanceInfoReplicator.java:101) ~[eureka-client-1.10.17.jar:1.10.17]
	at java.base/java.util.concurrent.Executors$RunnableAdapter.call(Executors.java:539) ~[na:na]
	at java.base/java.util.concurrent.FutureTask.run(FutureTask.java:264) ~[na:na]
	at java.base/java.util.concurrent.ScheduledThreadPoolExecutor$ScheduledFutureTask.run(ScheduledThreadPoolExecutor.java:304) ~[na:na]
	at java.base/java.util.concurrent.ThreadPoolExecutor.runWorker(ThreadPoolExecutor.java:1136) ~[na:na]
	at java.base/java.util.concurrent.ThreadPoolExecutor$Worker.run(ThreadPoolExecutor.java:635) ~[na:na]
	at java.base/java.lang.Thread.run(Thread.java:833) ~[na:na]

2023-01-14 14:37:40.794  INFO 17120 --- [main] i.s.userprofile.UserprofileApplication   : Started UserprofileApplication in 19.348 seconds (JVM running for 22.15)
2023-01-14 14:38:10.127  INFO 17120 --- [DiscoveryClient-CacheRefreshExecutor-0] com.netflix.discovery.DiscoveryClient    : Disable delta property : false
2023-01-14 14:38:10.128  INFO 17120 --- [DiscoveryClient-CacheRefreshExecutor-0] com.netflix.discovery.DiscoveryClient    : Single vip registry refresh property : null
2023-01-14 14:38:10.128  INFO 17120 --- [DiscoveryClient-CacheRefreshExecutor-0] com.netflix.discovery.DiscoveryClient    : Force full registry fetch : false
2023-01-14 14:38:10.129  INFO 17120 --- [DiscoveryClient-CacheRefreshExecutor-0] com.netflix.discovery.DiscoveryClient    : Application is null : false
2023-01-14 14:38:10.129  INFO 17120 --- [DiscoveryClient-CacheRefreshExecutor-0] com.netflix.discovery.DiscoveryClient    : Registered Applications size is zero : true
2023-01-14 14:38:10.129  INFO 17120 --- [DiscoveryClient-CacheRefreshExecutor-0] com.netflix.discovery.DiscoveryClient    : Application version is -1: true
2023-01-14 14:38:10.130  INFO 17120 --- [DiscoveryClient-CacheRefreshExecutor-0] com.netflix.discovery.DiscoveryClient    : Getting all instance registry info from the eureka server
2023-01-14 14:38:10.153  INFO 17120 --- [DiscoveryClient-HeartbeatExecutor-0] c.n.d.s.t.d.RedirectingEurekaHttpClient  : Request execution error. endpoint=DefaultEndpoint{ serviceUrl='http://localhost:8761/eureka/}, exception=I/O error on PUT request for "http://localhost:8761/eureka/apps/USER-PROFILE-SERVICE/host.docker.internal:user-profile-service:9001": Connect to localhost:8761 [localhost/127.0.0.1, localhost/0:0:0:0:0:0:0:1] failed: Connection refused: connect; nested exception is org.apache.http.conn.HttpHostConnectException: Connect to localhost:8761 [localhost/127.0.0.1, localhost/0:0:0:0:0:0:0:1] failed: Connection refused: connect stacktrace=org.springframework.web.client.ResourceAccessException: I/O error on PUT request for "http://localhost:8761/eureka/apps/USER-PROFILE-SERVICE/host.docker.internal:user-profile-service:9001": Connect to localhost:8761 [localhost/127.0.0.1, localhost/0:0:0:0:0:0:0:1] failed: Connection refused: connect; nested exception is org.apache.http.conn.HttpHostConnectException: Connect to localhost:8761 [localhost/127.0.0.1, localhost/0:0:0:0:0:0:0:1] failed: Connection refused: connect
	at org.springframework.web.client.RestTemplate.doExecute(RestTemplate.java:791)
	at org.springframework.web.client.RestTemplate.execute(RestTemplate.java:717)
	at org.springframework.web.client.RestTemplate.exchange(RestTemplate.java:608)
	at org.springframework.cloud.netflix.eureka.http.RestTemplateEurekaHttpClient.sendHeartBeat(RestTemplateEurekaHttpClient.java:99)
	at com.netflix.discovery.shared.transport.decorator.EurekaHttpClientDecorator$3.execute(EurekaHttpClientDecorator.java:92)
	at com.netflix.discovery.shared.transport.decorator.RedirectingEurekaHttpClient.executeOnNewServer(RedirectingEurekaHttpClient.java:121)
	at com.netflix.discovery.shared.transport.decorator.RedirectingEurekaHttpClient.execute(RedirectingEurekaHttpClient.java:80)
	at com.netflix.discovery.shared.transport.decorator.EurekaHttpClientDecorator.sendHeartBeat(EurekaHttpClientDecorator.java:89)
	at com.netflix.discovery.shared.transport.decorator.EurekaHttpClientDecorator$3.execute(EurekaHttpClientDecorator.java:92)
	at com.netflix.discovery.shared.transport.decorator.RetryableEurekaHttpClient.execute(RetryableEurekaHttpClient.java:120)
	at com.netflix.discovery.shared.transport.decorator.EurekaHttpClientDecorator.sendHeartBeat(EurekaHttpClientDecorator.java:89)
	at com.netflix.discovery.shared.transport.decorator.EurekaHttpClientDecorator$3.execute(EurekaHttpClientDecorator.java:92)
	at com.netflix.discovery.shared.transport.decorator.SessionedEurekaHttpClient.execute(SessionedEurekaHttpClient.java:77)
	at com.netflix.discovery.shared.transport.decorator.EurekaHttpClientDecorator.sendHeartBeat(EurekaHttpClientDecorator.java:89)
	at com.netflix.discovery.DiscoveryClient.renew(DiscoveryClient.java:893)
	at com.netflix.discovery.DiscoveryClient$HeartbeatThread.run(DiscoveryClient.java:1457)
	at java.base/java.util.concurrent.Executors$RunnableAdapter.call(Executors.java:539)
	at java.base/java.util.concurrent.FutureTask.run(FutureTask.java:264)
	at java.base/java.util.concurrent.ThreadPoolExecutor.runWorker(ThreadPoolExecutor.java:1136)
	at java.base/java.util.concurrent.ThreadPoolExecutor$Worker.run(ThreadPoolExecutor.java:635)
	at java.base/java.lang.Thread.run(Thread.java:833)
Caused by: org.apache.http.conn.HttpHostConnectException: Connect to localhost:8761 [localhost/127.0.0.1, localhost/0:0:0:0:0:0:0:1] failed: Connection refused: connect
	at org.apache.http.impl.conn.DefaultHttpClientConnectionOperator.connect(DefaultHttpClientConnectionOperator.java:156)
	at org.apache.http.impl.conn.PoolingHttpClientConnectionManager.connect(PoolingHttpClientConnectionManager.java:376)
	at org.apache.http.impl.execchain.MainClientExec.establishRoute(MainClientExec.java:393)
	at org.apache.http.impl.execchain.MainClientExec.execute(MainClientExec.java:236)
	at org.apache.http.impl.execchain.ProtocolExec.execute(ProtocolExec.java:186)
	at org.apache.http.impl.execchain.RetryExec.execute(RetryExec.java:89)
	at org.apache.http.impl.execchain.RedirectExec.execute(RedirectExec.java:110)
	at org.apache.http.impl.client.InternalHttpClient.doExecute(InternalHttpClient.java:185)
	at org.apache.http.impl.client.CloseableHttpClient.execute(CloseableHttpClient.java:83)
	at org.apache.http.impl.client.CloseableHttpClient.execute(CloseableHttpClient.java:56)
	at org.springframework.http.client.HttpComponentsClientHttpRequest.executeInternal(HttpComponentsClientHttpRequest.java:87)
	at org.springframework.http.client.AbstractBufferingClientHttpRequest.executeInternal(AbstractBufferingClientHttpRequest.java:48)
	at org.springframework.http.client.AbstractClientHttpRequest.execute(AbstractClientHttpRequest.java:66)
	at org.springframework.web.client.RestTemplate.doExecute(RestTemplate.java:782)
	... 20 more
Caused by: java.net.ConnectException: Connection refused: connect
	at java.base/sun.nio.ch.Net.connect0(Native Method)
	at java.base/sun.nio.ch.Net.connect(Net.java:579)
	at java.base/sun.nio.ch.Net.connect(Net.java:568)
	at java.base/sun.nio.ch.NioSocketImpl.connect(NioSocketImpl.java:588)
	at java.base/java.net.SocksSocketImpl.connect(SocksSocketImpl.java:327)
	at java.base/java.net.Socket.connect(Socket.java:633)
	at org.apache.http.conn.socket.PlainConnectionSocketFactory.connectSocket(PlainConnectionSocketFactory.java:75)
	at org.apache.http.impl.conn.DefaultHttpClientConnectionOperator.connect(DefaultHttpClientConnectionOperator.java:142)
	... 33 more

2023-01-14 14:38:10.154  WARN 17120 --- [DiscoveryClient-HeartbeatExecutor-0] c.n.d.s.t.d.RetryableEurekaHttpClient    : Request execution failed with message: I/O error on PUT request for "http://localhost:8761/eureka/apps/USER-PROFILE-SERVICE/host.docker.internal:user-profile-service:9001": Connect to localhost:8761 [localhost/127.0.0.1, localhost/0:0:0:0:0:0:0:1] failed: Connection refused: connect; nested exception is org.apache.http.conn.HttpHostConnectException: Connect to localhost:8761 [localhost/127.0.0.1, localhost/0:0:0:0:0:0:0:1] failed: Connection refused: connect
2023-01-14 14:38:10.154  INFO 17120 --- [DiscoveryClient-CacheRefreshExecutor-0] c.n.d.s.t.d.RedirectingEurekaHttpClient  : Request execution error. endpoint=DefaultEndpoint{ serviceUrl='http://localhost:8761/eureka/}, exception=I/O error on GET request for "http://localhost:8761/eureka/apps/": Connect to localhost:8761 [localhost/127.0.0.1, localhost/0:0:0:0:0:0:0:1] failed: Connection refused: connect; nested exception is org.apache.http.conn.HttpHostConnectException: Connect to localhost:8761 [localhost/127.0.0.1, localhost/0:0:0:0:0:0:0:1] failed: Connection refused: connect stacktrace=org.springframework.web.client.ResourceAccessException: I/O error on GET request for "http://localhost:8761/eureka/apps/": Connect to localhost:8761 [localhost/127.0.0.1, localhost/0:0:0:0:0:0:0:1] failed: Connection refused: connect; nested exception is org.apache.http.conn.HttpHostConnectException: Connect to localhost:8761 [localhost/127.0.0.1, localhost/0:0:0:0:0:0:0:1] failed: Connection refused: connect
	at org.springframework.web.client.RestTemplate.doExecute(RestTemplate.java:791)
	at org.springframework.web.client.RestTemplate.execute(RestTemplate.java:717)
	at org.springframework.web.client.RestTemplate.exchange(RestTemplate.java:608)
	at org.springframework.cloud.netflix.eureka.http.RestTemplateEurekaHttpClient.getApplicationsInternal(RestTemplateEurekaHttpClient.java:145)
	at org.springframework.cloud.netflix.eureka.http.RestTemplateEurekaHttpClient.getApplications(RestTemplateEurekaHttpClient.java:135)
	at com.netflix.discovery.shared.transport.decorator.EurekaHttpClientDecorator$6.execute(EurekaHttpClientDecorator.java:137)
	at com.netflix.discovery.shared.transport.decorator.RedirectingEurekaHttpClient.executeOnNewServer(RedirectingEurekaHttpClient.java:121)
	at com.netflix.discovery.shared.transport.decorator.RedirectingEurekaHttpClient.execute(RedirectingEurekaHttpClient.java:80)
	at com.netflix.discovery.shared.transport.decorator.EurekaHttpClientDecorator.getApplications(EurekaHttpClientDecorator.java:134)
	at com.netflix.discovery.shared.transport.decorator.EurekaHttpClientDecorator$6.execute(EurekaHttpClientDecorator.java:137)
	at com.netflix.discovery.shared.transport.decorator.RetryableEurekaHttpClient.execute(RetryableEurekaHttpClient.java:120)
	at com.netflix.discovery.shared.transport.decorator.EurekaHttpClientDecorator.getApplications(EurekaHttpClientDecorator.java:134)
	at com.netflix.discovery.shared.transport.decorator.EurekaHttpClientDecorator$6.execute(EurekaHttpClientDecorator.java:137)
	at com.netflix.discovery.shared.transport.decorator.SessionedEurekaHttpClient.execute(SessionedEurekaHttpClient.java:77)
	at com.netflix.discovery.shared.transport.decorator.EurekaHttpClientDecorator.getApplications(EurekaHttpClientDecorator.java:134)
	at com.netflix.discovery.DiscoveryClient.getAndStoreFullRegistry(DiscoveryClient.java:1101)
	at com.netflix.discovery.DiscoveryClient.fetchRegistry(DiscoveryClient.java:1014)
	at com.netflix.discovery.DiscoveryClient.refreshRegistry(DiscoveryClient.java:1531)
	at com.netflix.discovery.DiscoveryClient$CacheRefreshThread.run(DiscoveryClient.java:1498)
	at java.base/java.util.concurrent.Executors$RunnableAdapter.call(Executors.java:539)
	at java.base/java.util.concurrent.FutureTask.run(FutureTask.java:264)
	at java.base/java.util.concurrent.ThreadPoolExecutor.runWorker(ThreadPoolExecutor.java:1136)
	at java.base/java.util.concurrent.ThreadPoolExecutor$Worker.run(ThreadPoolExecutor.java:635)
	at java.base/java.lang.Thread.run(Thread.java:833)
Caused by: org.apache.http.conn.HttpHostConnectException: Connect to localhost:8761 [localhost/127.0.0.1, localhost/0:0:0:0:0:0:0:1] failed: Connection refused: connect
	at org.apache.http.impl.conn.DefaultHttpClientConnectionOperator.connect(DefaultHttpClientConnectionOperator.java:156)
	at org.apache.http.impl.conn.PoolingHttpClientConnectionManager.connect(PoolingHttpClientConnectionManager.java:376)
	at org.apache.http.impl.execchain.MainClientExec.establishRoute(MainClientExec.java:393)
	at org.apache.http.impl.execchain.MainClientExec.execute(MainClientExec.java:236)
	at org.apache.http.impl.execchain.ProtocolExec.execute(ProtocolExec.java:186)
	at org.apache.http.impl.execchain.RetryExec.execute(RetryExec.java:89)
	at org.apache.http.impl.execchain.RedirectExec.execute(RedirectExec.java:110)
	at org.apache.http.impl.client.InternalHttpClient.doExecute(InternalHttpClient.java:185)
	at org.apache.http.impl.client.CloseableHttpClient.execute(CloseableHttpClient.java:83)
	at org.apache.http.impl.client.CloseableHttpClient.execute(CloseableHttpClient.java:56)
	at org.springframework.http.client.HttpComponentsClientHttpRequest.executeInternal(HttpComponentsClientHttpRequest.java:87)
	at org.springframework.http.client.AbstractBufferingClientHttpRequest.executeInternal(AbstractBufferingClientHttpRequest.java:48)
	at org.springframework.http.client.AbstractClientHttpRequest.execute(AbstractClientHttpRequest.java:66)
	at org.springframework.web.client.RestTemplate.doExecute(RestTemplate.java:782)
	... 23 more
Caused by: java.net.ConnectException: Connection refused: connect
	at java.base/sun.nio.ch.Net.connect0(Native Method)
	at java.base/sun.nio.ch.Net.connect(Net.java:579)
	at java.base/sun.nio.ch.Net.connect(Net.java:568)
	at java.base/sun.nio.ch.NioSocketImpl.connect(NioSocketImpl.java:588)
	at java.base/java.net.SocksSocketImpl.connect(SocksSocketImpl.java:327)
	at java.base/java.net.Socket.connect(Socket.java:633)
	at org.apache.http.conn.socket.PlainConnectionSocketFactory.connectSocket(PlainConnectionSocketFactory.java:75)
	at org.apache.http.impl.conn.DefaultHttpClientConnectionOperator.connect(DefaultHttpClientConnectionOperator.java:142)
	... 36 more

2023-01-14 14:38:10.155  WARN 17120 --- [DiscoveryClient-CacheRefreshExecutor-0] c.n.d.s.t.d.RetryableEurekaHttpClient    : Request execution failed with message: I/O error on GET request for "http://localhost:8761/eureka/apps/": Connect to localhost:8761 [localhost/127.0.0.1, localhost/0:0:0:0:0:0:0:1] failed: Connection refused: connect; nested exception is org.apache.http.conn.HttpHostConnectException: Connect to localhost:8761 [localhost/127.0.0.1, localhost/0:0:0:0:0:0:0:1] failed: Connection refused: connect
2023-01-14 14:38:10.155 ERROR 17120 --- [DiscoveryClient-HeartbeatExecutor-0] com.netflix.discovery.DiscoveryClient    : DiscoveryClient_USER-PROFILE-SERVICE/host.docker.internal:user-profile-service:9001 - was unable to send heartbeat!

com.netflix.discovery.shared.transport.TransportException: Cannot execute request on any known server
	at com.netflix.discovery.shared.transport.decorator.RetryableEurekaHttpClient.execute(RetryableEurekaHttpClient.java:112) ~[eureka-client-1.10.17.jar:1.10.17]
	at com.netflix.discovery.shared.transport.decorator.EurekaHttpClientDecorator.sendHeartBeat(EurekaHttpClientDecorator.java:89) ~[eureka-client-1.10.17.jar:1.10.17]
	at com.netflix.discovery.shared.transport.decorator.EurekaHttpClientDecorator$3.execute(EurekaHttpClientDecorator.java:92) ~[eureka-client-1.10.17.jar:1.10.17]
	at com.netflix.discovery.shared.transport.decorator.SessionedEurekaHttpClient.execute(SessionedEurekaHttpClient.java:77) ~[eureka-client-1.10.17.jar:1.10.17]
	at com.netflix.discovery.shared.transport.decorator.EurekaHttpClientDecorator.sendHeartBeat(EurekaHttpClientDecorator.java:89) ~[eureka-client-1.10.17.jar:1.10.17]
	at com.netflix.discovery.DiscoveryClient.renew(DiscoveryClient.java:893) ~[eureka-client-1.10.17.jar:1.10.17]
	at com.netflix.discovery.DiscoveryClient$HeartbeatThread.run(DiscoveryClient.java:1457) ~[eureka-client-1.10.17.jar:1.10.17]
	at java.base/java.util.concurrent.Executors$RunnableAdapter.call(Executors.java:539) ~[na:na]
	at java.base/java.util.concurrent.FutureTask.run(FutureTask.java:264) ~[na:na]
	at java.base/java.util.concurrent.ThreadPoolExecutor.runWorker(ThreadPoolExecutor.java:1136) ~[na:na]
	at java.base/java.util.concurrent.ThreadPoolExecutor$Worker.run(ThreadPoolExecutor.java:635) ~[na:na]
	at java.base/java.lang.Thread.run(Thread.java:833) ~[na:na]

2023-01-14 14:38:10.156  INFO 17120 --- [DiscoveryClient-CacheRefreshExecutor-0] com.netflix.discovery.DiscoveryClient    : DiscoveryClient_USER-PROFILE-SERVICE/host.docker.internal:user-profile-service:9001 - was unable to refresh its cache! This periodic background refresh will be retried in 30 seconds. status = Cannot execute request on any known server stacktrace = com.netflix.discovery.shared.transport.TransportException: Cannot execute request on any known server
	at com.netflix.discovery.shared.transport.decorator.RetryableEurekaHttpClient.execute(RetryableEurekaHttpClient.java:112)
	at com.netflix.discovery.shared.transport.decorator.EurekaHttpClientDecorator.getApplications(EurekaHttpClientDecorator.java:134)
	at com.netflix.discovery.shared.transport.decorator.EurekaHttpClientDecorator$6.execute(EurekaHttpClientDecorator.java:137)
	at com.netflix.discovery.shared.transport.decorator.SessionedEurekaHttpClient.execute(SessionedEurekaHttpClient.java:77)
	at com.netflix.discovery.shared.transport.decorator.EurekaHttpClientDecorator.getApplications(EurekaHttpClientDecorator.java:134)
	at com.netflix.discovery.DiscoveryClient.getAndStoreFullRegistry(DiscoveryClient.java:1101)
	at com.netflix.discovery.DiscoveryClient.fetchRegistry(DiscoveryClient.java:1014)
	at com.netflix.discovery.DiscoveryClient.refreshRegistry(DiscoveryClient.java:1531)
	at com.netflix.discovery.DiscoveryClient$CacheRefreshThread.run(DiscoveryClient.java:1498)
	at java.base/java.util.concurrent.Executors$RunnableAdapter.call(Executors.java:539)
	at java.base/java.util.concurrent.FutureTask.run(FutureTask.java:264)
	at java.base/java.util.concurrent.ThreadPoolExecutor.runWorker(ThreadPoolExecutor.java:1136)
	at java.base/java.util.concurrent.ThreadPoolExecutor$Worker.run(ThreadPoolExecutor.java:635)
	at java.base/java.lang.Thread.run(Thread.java:833)

2023-01-14 14:38:10.219  INFO 17120 --- [DiscoveryClient-InstanceInfoReplicator-0] com.netflix.discovery.DiscoveryClient    : DiscoveryClient_USER-PROFILE-SERVICE/host.docker.internal:user-profile-service:9001: registering service...
2023-01-14 14:38:10.237  INFO 17120 --- [DiscoveryClient-InstanceInfoReplicator-0] c.n.d.s.t.d.RedirectingEurekaHttpClient  : Request execution error. endpoint=DefaultEndpoint{ serviceUrl='http://localhost:8761/eureka/}, exception=I/O error on POST request for "http://localhost:8761/eureka/apps/USER-PROFILE-SERVICE": Connect to localhost:8761 [localhost/127.0.0.1, localhost/0:0:0:0:0:0:0:1] failed: Connection refused: connect; nested exception is org.apache.http.conn.HttpHostConnectException: Connect to localhost:8761 [localhost/127.0.0.1, localhost/0:0:0:0:0:0:0:1] failed: Connection refused: connect stacktrace=org.springframework.web.client.ResourceAccessException: I/O error on POST request for "http://localhost:8761/eureka/apps/USER-PROFILE-SERVICE": Connect to localhost:8761 [localhost/127.0.0.1, localhost/0:0:0:0:0:0:0:1] failed: Connection refused: connect; nested exception is org.apache.http.conn.HttpHostConnectException: Connect to localhost:8761 [localhost/127.0.0.1, localhost/0:0:0:0:0:0:0:1] failed: Connection refused: connect
	at org.springframework.web.client.RestTemplate.doExecute(RestTemplate.java:791)
	at org.springframework.web.client.RestTemplate.execute(RestTemplate.java:717)
	at org.springframework.web.client.RestTemplate.exchange(RestTemplate.java:608)
	at org.springframework.cloud.netflix.eureka.http.RestTemplateEurekaHttpClient.register(RestTemplateEurekaHttpClient.java:77)
	at com.netflix.discovery.shared.transport.decorator.EurekaHttpClientDecorator$1.execute(EurekaHttpClientDecorator.java:59)
	at com.netflix.discovery.shared.transport.decorator.RedirectingEurekaHttpClient.executeOnNewServer(RedirectingEurekaHttpClient.java:121)
	at com.netflix.discovery.shared.transport.decorator.RedirectingEurekaHttpClient.execute(RedirectingEurekaHttpClient.java:80)
	at com.netflix.discovery.shared.transport.decorator.EurekaHttpClientDecorator.register(EurekaHttpClientDecorator.java:56)
	at com.netflix.discovery.shared.transport.decorator.EurekaHttpClientDecorator$1.execute(EurekaHttpClientDecorator.java:59)
	at com.netflix.discovery.shared.transport.decorator.RetryableEurekaHttpClient.execute(RetryableEurekaHttpClient.java:120)
	at com.netflix.discovery.shared.transport.decorator.EurekaHttpClientDecorator.register(EurekaHttpClientDecorator.java:56)
	at com.netflix.discovery.shared.transport.decorator.EurekaHttpClientDecorator$1.execute(EurekaHttpClientDecorator.java:59)
	at com.netflix.discovery.shared.transport.decorator.SessionedEurekaHttpClient.execute(SessionedEurekaHttpClient.java:77)
	at com.netflix.discovery.shared.transport.decorator.EurekaHttpClientDecorator.register(EurekaHttpClientDecorator.java:56)
	at com.netflix.discovery.DiscoveryClient.register(DiscoveryClient.java:876)
	at com.netflix.discovery.InstanceInfoReplicator.run(InstanceInfoReplicator.java:121)
	at java.base/java.util.concurrent.Executors$RunnableAdapter.call(Executors.java:539)
	at java.base/java.util.concurrent.FutureTask.run(FutureTask.java:264)
	at java.base/java.util.concurrent.ScheduledThreadPoolExecutor$ScheduledFutureTask.run(ScheduledThreadPoolExecutor.java:304)
	at java.base/java.util.concurrent.ThreadPoolExecutor.runWorker(ThreadPoolExecutor.java:1136)
	at java.base/java.util.concurrent.ThreadPoolExecutor$Worker.run(ThreadPoolExecutor.java:635)
	at java.base/java.lang.Thread.run(Thread.java:833)
Caused by: org.apache.http.conn.HttpHostConnectException: Connect to localhost:8761 [localhost/127.0.0.1, localhost/0:0:0:0:0:0:0:1] failed: Connection refused: connect
	at org.apache.http.impl.conn.DefaultHttpClientConnectionOperator.connect(DefaultHttpClientConnectionOperator.java:156)
	at org.apache.http.impl.conn.PoolingHttpClientConnectionManager.connect(PoolingHttpClientConnectionManager.java:376)
	at org.apache.http.impl.execchain.MainClientExec.establishRoute(MainClientExec.java:393)
	at org.apache.http.impl.execchain.MainClientExec.execute(MainClientExec.java:236)
	at org.apache.http.impl.execchain.ProtocolExec.execute(ProtocolExec.java:186)
	at org.apache.http.impl.execchain.RetryExec.execute(RetryExec.java:89)
	at org.apache.http.impl.execchain.RedirectExec.execute(RedirectExec.java:110)
	at org.apache.http.impl.client.InternalHttpClient.doExecute(InternalHttpClient.java:185)
	at org.apache.http.impl.client.CloseableHttpClient.execute(CloseableHttpClient.java:83)
	at org.apache.http.impl.client.CloseableHttpClient.execute(CloseableHttpClient.java:56)
	at org.springframework.http.client.HttpComponentsClientHttpRequest.executeInternal(HttpComponentsClientHttpRequest.java:87)
	at org.springframework.http.client.AbstractBufferingClientHttpRequest.executeInternal(AbstractBufferingClientHttpRequest.java:48)
	at org.springframework.http.client.AbstractClientHttpRequest.execute(AbstractClientHttpRequest.java:66)
	at org.springframework.web.client.RestTemplate.doExecute(RestTemplate.java:782)
	... 21 more
Caused by: java.net.ConnectException: Connection refused: connect
	at java.base/sun.nio.ch.Net.connect0(Native Method)
	at java.base/sun.nio.ch.Net.connect(Net.java:579)
	at java.base/sun.nio.ch.Net.connect(Net.java:568)
	at java.base/sun.nio.ch.NioSocketImpl.connect(NioSocketImpl.java:588)
	at java.base/java.net.SocksSocketImpl.connect(SocksSocketImpl.java:327)
	at java.base/java.net.Socket.connect(Socket.java:633)
	at org.apache.http.conn.socket.PlainConnectionSocketFactory.connectSocket(PlainConnectionSocketFactory.java:75)
	at org.apache.http.impl.conn.DefaultHttpClientConnectionOperator.connect(DefaultHttpClientConnectionOperator.java:142)
	... 34 more

2023-01-14 14:38:10.238  WARN 17120 --- [DiscoveryClient-InstanceInfoReplicator-0] c.n.d.s.t.d.RetryableEurekaHttpClient    : Request execution failed with message: I/O error on POST request for "http://localhost:8761/eureka/apps/USER-PROFILE-SERVICE": Connect to localhost:8761 [localhost/127.0.0.1, localhost/0:0:0:0:0:0:0:1] failed: Connection refused: connect; nested exception is org.apache.http.conn.HttpHostConnectException: Connect to localhost:8761 [localhost/127.0.0.1, localhost/0:0:0:0:0:0:0:1] failed: Connection refused: connect
2023-01-14 14:38:10.238  WARN 17120 --- [DiscoveryClient-InstanceInfoReplicator-0] com.netflix.discovery.DiscoveryClient    : DiscoveryClient_USER-PROFILE-SERVICE/host.docker.internal:user-profile-service:9001 - registration failed Cannot execute request on any known server

com.netflix.discovery.shared.transport.TransportException: Cannot execute request on any known server
	at com.netflix.discovery.shared.transport.decorator.RetryableEurekaHttpClient.execute(RetryableEurekaHttpClient.java:112) ~[eureka-client-1.10.17.jar:1.10.17]
	at com.netflix.discovery.shared.transport.decorator.EurekaHttpClientDecorator.register(EurekaHttpClientDecorator.java:56) ~[eureka-client-1.10.17.jar:1.10.17]
	at com.netflix.discovery.shared.transport.decorator.EurekaHttpClientDecorator$1.execute(EurekaHttpClientDecorator.java:59) ~[eureka-client-1.10.17.jar:1.10.17]
	at com.netflix.discovery.shared.transport.decorator.SessionedEurekaHttpClient.execute(SessionedEurekaHttpClient.java:77) ~[eureka-client-1.10.17.jar:1.10.17]
	at com.netflix.discovery.shared.transport.decorator.EurekaHttpClientDecorator.register(EurekaHttpClientDecorator.java:56) ~[eureka-client-1.10.17.jar:1.10.17]
	at com.netflix.discovery.DiscoveryClient.register(DiscoveryClient.java:876) ~[eureka-client-1.10.17.jar:1.10.17]
	at com.netflix.discovery.InstanceInfoReplicator.run(InstanceInfoReplicator.java:121) ~[eureka-client-1.10.17.jar:1.10.17]
	at java.base/java.util.concurrent.Executors$RunnableAdapter.call(Executors.java:539) ~[na:na]
	at java.base/java.util.concurrent.FutureTask.run(FutureTask.java:264) ~[na:na]
	at java.base/java.util.concurrent.ScheduledThreadPoolExecutor$ScheduledFutureTask.run(ScheduledThreadPoolExecutor.java:304) ~[na:na]
	at java.base/java.util.concurrent.ThreadPoolExecutor.runWorker(ThreadPoolExecutor.java:1136) ~[na:na]
	at java.base/java.util.concurrent.ThreadPoolExecutor$Worker.run(ThreadPoolExecutor.java:635) ~[na:na]
	at java.base/java.lang.Thread.run(Thread.java:833) ~[na:na]

2023-01-14 14:38:10.239  WARN 17120 --- [DiscoveryClient-InstanceInfoReplicator-0] c.n.discovery.InstanceInfoReplicator     : There was a problem with the instance info replicator

com.netflix.discovery.shared.transport.TransportException: Cannot execute request on any known server
	at com.netflix.discovery.shared.transport.decorator.RetryableEurekaHttpClient.execute(RetryableEurekaHttpClient.java:112) ~[eureka-client-1.10.17.jar:1.10.17]
	at com.netflix.discovery.shared.transport.decorator.EurekaHttpClientDecorator.register(EurekaHttpClientDecorator.java:56) ~[eureka-client-1.10.17.jar:1.10.17]
	at com.netflix.discovery.shared.transport.decorator.EurekaHttpClientDecorator$1.execute(EurekaHttpClientDecorator.java:59) ~[eureka-client-1.10.17.jar:1.10.17]
	at com.netflix.discovery.shared.transport.decorator.SessionedEurekaHttpClient.execute(SessionedEurekaHttpClient.java:77) ~[eureka-client-1.10.17.jar:1.10.17]
	at com.netflix.discovery.shared.transport.decorator.EurekaHttpClientDecorator.register(EurekaHttpClientDecorator.java:56) ~[eureka-client-1.10.17.jar:1.10.17]
	at com.netflix.discovery.DiscoveryClient.register(DiscoveryClient.java:876) ~[eureka-client-1.10.17.jar:1.10.17]
	at com.netflix.discovery.InstanceInfoReplicator.run(InstanceInfoReplicator.java:121) ~[eureka-client-1.10.17.jar:1.10.17]
	at java.base/java.util.concurrent.Executors$RunnableAdapter.call(Executors.java:539) ~[na:na]
	at java.base/java.util.concurrent.FutureTask.run(FutureTask.java:264) ~[na:na]
	at java.base/java.util.concurrent.ScheduledThreadPoolExecutor$ScheduledFutureTask.run(ScheduledThreadPoolExecutor.java:304) ~[na:na]
	at java.base/java.util.concurrent.ThreadPoolExecutor.runWorker(ThreadPoolExecutor.java:1136) ~[na:na]
	at java.base/java.util.concurrent.ThreadPoolExecutor$Worker.run(ThreadPoolExecutor.java:635) ~[na:na]
	at java.base/java.lang.Thread.run(Thread.java:833) ~[na:na]

2023-01-14 14:38:40.168  INFO 17120 --- [DiscoveryClient-CacheRefreshExecutor-0] com.netflix.discovery.DiscoveryClient    : Disable delta property : false
2023-01-14 14:38:40.214  INFO 17120 --- [DiscoveryClient-CacheRefreshExecutor-0] com.netflix.discovery.DiscoveryClient    : Single vip registry refresh property : null
2023-01-14 14:38:40.214  INFO 17120 --- [DiscoveryClient-CacheRefreshExecutor-0] com.netflix.discovery.DiscoveryClient    : Force full registry fetch : false
2023-01-14 14:38:40.215  INFO 17120 --- [DiscoveryClient-HeartbeatExecutor-0] c.n.d.s.t.d.RedirectingEurekaHttpClient  : Request execution error. endpoint=DefaultEndpoint{ serviceUrl='http://localhost:8761/eureka/}, exception=I/O error on PUT request for "http://localhost:8761/eureka/apps/USER-PROFILE-SERVICE/host.docker.internal:user-profile-service:9001": Connect to localhost:8761 [localhost/127.0.0.1, localhost/0:0:0:0:0:0:0:1] failed: Connection refused: connect; nested exception is org.apache.http.conn.HttpHostConnectException: Connect to localhost:8761 [localhost/127.0.0.1, localhost/0:0:0:0:0:0:0:1] failed: Connection refused: connect stacktrace=org.springframework.web.client.ResourceAccessException: I/O error on PUT request for "http://localhost:8761/eureka/apps/USER-PROFILE-SERVICE/host.docker.internal:user-profile-service:9001": Connect to localhost:8761 [localhost/127.0.0.1, localhost/0:0:0:0:0:0:0:1] failed: Connection refused: connect; nested exception is org.apache.http.conn.HttpHostConnectException: Connect to localhost:8761 [localhost/127.0.0.1, localhost/0:0:0:0:0:0:0:1] failed: Connection refused: connect
	at org.springframework.web.client.RestTemplate.doExecute(RestTemplate.java:791)
	at org.springframework.web.client.RestTemplate.execute(RestTemplate.java:717)
	at org.springframework.web.client.RestTemplate.exchange(RestTemplate.java:608)
	at org.springframework.cloud.netflix.eureka.http.RestTemplateEurekaHttpClient.sendHeartBeat(RestTemplateEurekaHttpClient.java:99)
	at com.netflix.discovery.shared.transport.decorator.EurekaHttpClientDecorator$3.execute(EurekaHttpClientDecorator.java:92)
	at com.netflix.discovery.shared.transport.decorator.RedirectingEurekaHttpClient.executeOnNewServer(RedirectingEurekaHttpClient.java:121)
	at com.netflix.discovery.shared.transport.decorator.RedirectingEurekaHttpClient.execute(RedirectingEurekaHttpClient.java:80)
	at com.netflix.discovery.shared.transport.decorator.EurekaHttpClientDecorator.sendHeartBeat(EurekaHttpClientDecorator.java:89)
	at com.netflix.discovery.shared.transport.decorator.EurekaHttpClientDecorator$3.execute(EurekaHttpClientDecorator.java:92)
	at com.netflix.discovery.shared.transport.decorator.RetryableEurekaHttpClient.execute(RetryableEurekaHttpClient.java:120)
	at com.netflix.discovery.shared.transport.decorator.EurekaHttpClientDecorator.sendHeartBeat(EurekaHttpClientDecorator.java:89)
	at com.netflix.discovery.shared.transport.decorator.EurekaHttpClientDecorator$3.execute(EurekaHttpClientDecorator.java:92)
	at com.netflix.discovery.shared.transport.decorator.SessionedEurekaHttpClient.execute(SessionedEurekaHttpClient.java:77)
	at com.netflix.discovery.shared.transport.decorator.EurekaHttpClientDecorator.sendHeartBeat(EurekaHttpClientDecorator.java:89)
	at com.netflix.discovery.DiscoveryClient.renew(DiscoveryClient.java:893)
	at com.netflix.discovery.DiscoveryClient$HeartbeatThread.run(DiscoveryClient.java:1457)
	at java.base/java.util.concurrent.Executors$RunnableAdapter.call(Executors.java:539)
	at java.base/java.util.concurrent.FutureTask.run(FutureTask.java:264)
	at java.base/java.util.concurrent.ThreadPoolExecutor.runWorker(ThreadPoolExecutor.java:1136)
	at java.base/java.util.concurrent.ThreadPoolExecutor$Worker.run(ThreadPoolExecutor.java:635)
	at java.base/java.lang.Thread.run(Thread.java:833)
Caused by: org.apache.http.conn.HttpHostConnectException: Connect to localhost:8761 [localhost/127.0.0.1, localhost/0:0:0:0:0:0:0:1] failed: Connection refused: connect
	at org.apache.http.impl.conn.DefaultHttpClientConnectionOperator.connect(DefaultHttpClientConnectionOperator.java:156)
	at org.apache.http.impl.conn.PoolingHttpClientConnectionManager.connect(PoolingHttpClientConnectionManager.java:376)
	at org.apache.http.impl.execchain.MainClientExec.establishRoute(MainClientExec.java:393)
	at org.apache.http.impl.execchain.MainClientExec.execute(MainClientExec.java:236)
	at org.apache.http.impl.execchain.ProtocolExec.execute(ProtocolExec.java:186)
	at org.apache.http.impl.execchain.RetryExec.execute(RetryExec.java:89)
	at org.apache.http.impl.execchain.RedirectExec.execute(RedirectExec.java:110)
	at org.apache.http.impl.client.InternalHttpClient.doExecute(InternalHttpClient.java:185)
	at org.apache.http.impl.client.CloseableHttpClient.execute(CloseableHttpClient.java:83)
	at org.apache.http.impl.client.CloseableHttpClient.execute(CloseableHttpClient.java:56)
	at org.springframework.http.client.HttpComponentsClientHttpRequest.executeInternal(HttpComponentsClientHttpRequest.java:87)
	at org.springframework.http.client.AbstractBufferingClientHttpRequest.executeInternal(AbstractBufferingClientHttpRequest.java:48)
	at org.springframework.http.client.AbstractClientHttpRequest.execute(AbstractClientHttpRequest.java:66)
	at org.springframework.web.client.RestTemplate.doExecute(RestTemplate.java:782)
	... 20 more
Caused by: java.net.ConnectException: Connection refused: connect
	at java.base/sun.nio.ch.Net.connect0(Native Method)
	at java.base/sun.nio.ch.Net.connect(Net.java:579)
	at java.base/sun.nio.ch.Net.connect(Net.java:568)
	at java.base/sun.nio.ch.NioSocketImpl.connect(NioSocketImpl.java:588)
	at java.base/java.net.SocksSocketImpl.connect(SocksSocketImpl.java:327)
	at java.base/java.net.Socket.connect(Socket.java:633)
	at org.apache.http.conn.socket.PlainConnectionSocketFactory.connectSocket(PlainConnectionSocketFactory.java:75)
	at org.apache.http.impl.conn.DefaultHttpClientConnectionOperator.connect(DefaultHttpClientConnectionOperator.java:142)
	... 33 more

2023-01-14 14:38:40.215  INFO 17120 --- [DiscoveryClient-CacheRefreshExecutor-0] com.netflix.discovery.DiscoveryClient    : Application is null : false
2023-01-14 14:38:40.215  WARN 17120 --- [DiscoveryClient-HeartbeatExecutor-0] c.n.d.s.t.d.RetryableEurekaHttpClient    : Request execution failed with message: I/O error on PUT request for "http://localhost:8761/eureka/apps/USER-PROFILE-SERVICE/host.docker.internal:user-profile-service:9001": Connect to localhost:8761 [localhost/127.0.0.1, localhost/0:0:0:0:0:0:0:1] failed: Connection refused: connect; nested exception is org.apache.http.conn.HttpHostConnectException: Connect to localhost:8761 [localhost/127.0.0.1, localhost/0:0:0:0:0:0:0:1] failed: Connection refused: connect
2023-01-14 14:38:40.215  INFO 17120 --- [DiscoveryClient-CacheRefreshExecutor-0] com.netflix.discovery.DiscoveryClient    : Registered Applications size is zero : true
2023-01-14 14:38:40.216 ERROR 17120 --- [DiscoveryClient-HeartbeatExecutor-0] com.netflix.discovery.DiscoveryClient    : DiscoveryClient_USER-PROFILE-SERVICE/host.docker.internal:user-profile-service:9001 - was unable to send heartbeat!

com.netflix.discovery.shared.transport.TransportException: Cannot execute request on any known server
	at com.netflix.discovery.shared.transport.decorator.RetryableEurekaHttpClient.execute(RetryableEurekaHttpClient.java:112) ~[eureka-client-1.10.17.jar:1.10.17]
	at com.netflix.discovery.shared.transport.decorator.EurekaHttpClientDecorator.sendHeartBeat(EurekaHttpClientDecorator.java:89) ~[eureka-client-1.10.17.jar:1.10.17]
	at com.netflix.discovery.shared.transport.decorator.EurekaHttpClientDecorator$3.execute(EurekaHttpClientDecorator.java:92) ~[eureka-client-1.10.17.jar:1.10.17]
	at com.netflix.discovery.shared.transport.decorator.SessionedEurekaHttpClient.execute(SessionedEurekaHttpClient.java:77) ~[eureka-client-1.10.17.jar:1.10.17]
	at com.netflix.discovery.shared.transport.decorator.EurekaHttpClientDecorator.sendHeartBeat(EurekaHttpClientDecorator.java:89) ~[eureka-client-1.10.17.jar:1.10.17]
	at com.netflix.discovery.DiscoveryClient.renew(DiscoveryClient.java:893) ~[eureka-client-1.10.17.jar:1.10.17]
	at com.netflix.discovery.DiscoveryClient$HeartbeatThread.run(DiscoveryClient.java:1457) ~[eureka-client-1.10.17.jar:1.10.17]
	at java.base/java.util.concurrent.Executors$RunnableAdapter.call(Executors.java:539) ~[na:na]
	at java.base/java.util.concurrent.FutureTask.run(FutureTask.java:264) ~[na:na]
	at java.base/java.util.concurrent.ThreadPoolExecutor.runWorker(ThreadPoolExecutor.java:1136) ~[na:na]
	at java.base/java.util.concurrent.ThreadPoolExecutor$Worker.run(ThreadPoolExecutor.java:635) ~[na:na]
	at java.base/java.lang.Thread.run(Thread.java:833) ~[na:na]

2023-01-14 14:38:40.216  INFO 17120 --- [DiscoveryClient-CacheRefreshExecutor-0] com.netflix.discovery.DiscoveryClient    : Application version is -1: true
2023-01-14 14:38:40.216  INFO 17120 --- [DiscoveryClient-CacheRefreshExecutor-0] com.netflix.discovery.DiscoveryClient    : Getting all instance registry info from the eureka server
2023-01-14 14:38:40.253  INFO 17120 --- [DiscoveryClient-InstanceInfoReplicator-0] com.netflix.discovery.DiscoveryClient    : DiscoveryClient_USER-PROFILE-SERVICE/host.docker.internal:user-profile-service:9001: registering service...
2023-01-14 14:38:40.265  INFO 17120 --- [DiscoveryClient-InstanceInfoReplicator-0] c.n.d.s.t.d.RedirectingEurekaHttpClient  : Request execution error. endpoint=DefaultEndpoint{ serviceUrl='http://localhost:8761/eureka/}, exception=I/O error on POST request for "http://localhost:8761/eureka/apps/USER-PROFILE-SERVICE": Connect to localhost:8761 [localhost/127.0.0.1, localhost/0:0:0:0:0:0:0:1] failed: Connection refused: connect; nested exception is org.apache.http.conn.HttpHostConnectException: Connect to localhost:8761 [localhost/127.0.0.1, localhost/0:0:0:0:0:0:0:1] failed: Connection refused: connect stacktrace=org.springframework.web.client.ResourceAccessException: I/O error on POST request for "http://localhost:8761/eureka/apps/USER-PROFILE-SERVICE": Connect to localhost:8761 [localhost/127.0.0.1, localhost/0:0:0:0:0:0:0:1] failed: Connection refused: connect; nested exception is org.apache.http.conn.HttpHostConnectException: Connect to localhost:8761 [localhost/127.0.0.1, localhost/0:0:0:0:0:0:0:1] failed: Connection refused: connect
	at org.springframework.web.client.RestTemplate.doExecute(RestTemplate.java:791)
	at org.springframework.web.client.RestTemplate.execute(RestTemplate.java:717)
	at org.springframework.web.client.RestTemplate.exchange(RestTemplate.java:608)
	at org.springframework.cloud.netflix.eureka.http.RestTemplateEurekaHttpClient.register(RestTemplateEurekaHttpClient.java:77)
	at com.netflix.discovery.shared.transport.decorator.EurekaHttpClientDecorator$1.execute(EurekaHttpClientDecorator.java:59)
	at com.netflix.discovery.shared.transport.decorator.RedirectingEurekaHttpClient.executeOnNewServer(RedirectingEurekaHttpClient.java:121)
	at com.netflix.discovery.shared.transport.decorator.RedirectingEurekaHttpClient.execute(RedirectingEurekaHttpClient.java:80)
	at com.netflix.discovery.shared.transport.decorator.EurekaHttpClientDecorator.register(EurekaHttpClientDecorator.java:56)
	at com.netflix.discovery.shared.transport.decorator.EurekaHttpClientDecorator$1.execute(EurekaHttpClientDecorator.java:59)
	at com.netflix.discovery.shared.transport.decorator.RetryableEurekaHttpClient.execute(RetryableEurekaHttpClient.java:120)
	at com.netflix.discovery.shared.transport.decorator.EurekaHttpClientDecorator.register(EurekaHttpClientDecorator.java:56)
	at com.netflix.discovery.shared.transport.decorator.EurekaHttpClientDecorator$1.execute(EurekaHttpClientDecorator.java:59)
	at com.netflix.discovery.shared.transport.decorator.SessionedEurekaHttpClient.execute(SessionedEurekaHttpClient.java:77)
	at com.netflix.discovery.shared.transport.decorator.EurekaHttpClientDecorator.register(EurekaHttpClientDecorator.java:56)
	at com.netflix.discovery.DiscoveryClient.register(DiscoveryClient.java:876)
	at com.netflix.discovery.InstanceInfoReplicator.run(InstanceInfoReplicator.java:121)
	at java.base/java.util.concurrent.Executors$RunnableAdapter.call(Executors.java:539)
	at java.base/java.util.concurrent.FutureTask.run(FutureTask.java:264)
	at java.base/java.util.concurrent.ScheduledThreadPoolExecutor$ScheduledFutureTask.run(ScheduledThreadPoolExecutor.java:304)
	at java.base/java.util.concurrent.ThreadPoolExecutor.runWorker(ThreadPoolExecutor.java:1136)
	at java.base/java.util.concurrent.ThreadPoolExecutor$Worker.run(ThreadPoolExecutor.java:635)
	at java.base/java.lang.Thread.run(Thread.java:833)
Caused by: org.apache.http.conn.HttpHostConnectException: Connect to localhost:8761 [localhost/127.0.0.1, localhost/0:0:0:0:0:0:0:1] failed: Connection refused: connect
	at org.apache.http.impl.conn.DefaultHttpClientConnectionOperator.connect(DefaultHttpClientConnectionOperator.java:156)
	at org.apache.http.impl.conn.PoolingHttpClientConnectionManager.connect(PoolingHttpClientConnectionManager.java:376)
	at org.apache.http.impl.execchain.MainClientExec.establishRoute(MainClientExec.java:393)
	at org.apache.http.impl.execchain.MainClientExec.execute(MainClientExec.java:236)
	at org.apache.http.impl.execchain.ProtocolExec.execute(ProtocolExec.java:186)
	at org.apache.http.impl.execchain.RetryExec.execute(RetryExec.java:89)
	at org.apache.http.impl.execchain.RedirectExec.execute(RedirectExec.java:110)
	at org.apache.http.impl.client.InternalHttpClient.doExecute(InternalHttpClient.java:185)
	at org.apache.http.impl.client.CloseableHttpClient.execute(CloseableHttpClient.java:83)
	at org.apache.http.impl.client.CloseableHttpClient.execute(CloseableHttpClient.java:56)
	at org.springframework.http.client.HttpComponentsClientHttpRequest.executeInternal(HttpComponentsClientHttpRequest.java:87)
	at org.springframework.http.client.AbstractBufferingClientHttpRequest.executeInternal(AbstractBufferingClientHttpRequest.java:48)
	at org.springframework.http.client.AbstractClientHttpRequest.execute(AbstractClientHttpRequest.java:66)
	at org.springframework.web.client.RestTemplate.doExecute(RestTemplate.java:782)
	... 21 more
Caused by: java.net.ConnectException: Connection refused: connect
	at java.base/sun.nio.ch.Net.connect0(Native Method)
	at java.base/sun.nio.ch.Net.connect(Net.java:579)
	at java.base/sun.nio.ch.Net.connect(Net.java:568)
	at java.base/sun.nio.ch.NioSocketImpl.connect(NioSocketImpl.java:588)
	at java.base/java.net.SocksSocketImpl.connect(SocksSocketImpl.java:327)
	at java.base/java.net.Socket.connect(Socket.java:633)
	at org.apache.http.conn.socket.PlainConnectionSocketFactory.connectSocket(PlainConnectionSocketFactory.java:75)
	at org.apache.http.impl.conn.DefaultHttpClientConnectionOperator.connect(DefaultHttpClientConnectionOperator.java:142)
	... 34 more

2023-01-14 14:38:40.270  WARN 17120 --- [DiscoveryClient-InstanceInfoReplicator-0] c.n.d.s.t.d.RetryableEurekaHttpClient    : Request execution failed with message: I/O error on POST request for "http://localhost:8761/eureka/apps/USER-PROFILE-SERVICE": Connect to localhost:8761 [localhost/127.0.0.1, localhost/0:0:0:0:0:0:0:1] failed: Connection refused: connect; nested exception is org.apache.http.conn.HttpHostConnectException: Connect to localhost:8761 [localhost/127.0.0.1, localhost/0:0:0:0:0:0:0:1] failed: Connection refused: connect
2023-01-14 14:38:40.273  WARN 17120 --- [DiscoveryClient-InstanceInfoReplicator-0] com.netflix.discovery.DiscoveryClient    : DiscoveryClient_USER-PROFILE-SERVICE/host.docker.internal:user-profile-service:9001 - registration failed Cannot execute request on any known server

com.netflix.discovery.shared.transport.TransportException: Cannot execute request on any known server
	at com.netflix.discovery.shared.transport.decorator.RetryableEurekaHttpClient.execute(RetryableEurekaHttpClient.java:112) ~[eureka-client-1.10.17.jar:1.10.17]
	at com.netflix.discovery.shared.transport.decorator.EurekaHttpClientDecorator.register(EurekaHttpClientDecorator.java:56) ~[eureka-client-1.10.17.jar:1.10.17]
	at com.netflix.discovery.shared.transport.decorator.EurekaHttpClientDecorator$1.execute(EurekaHttpClientDecorator.java:59) ~[eureka-client-1.10.17.jar:1.10.17]
	at com.netflix.discovery.shared.transport.decorator.SessionedEurekaHttpClient.execute(SessionedEurekaHttpClient.java:77) ~[eureka-client-1.10.17.jar:1.10.17]
	at com.netflix.discovery.shared.transport.decorator.EurekaHttpClientDecorator.register(EurekaHttpClientDecorator.java:56) ~[eureka-client-1.10.17.jar:1.10.17]
	at com.netflix.discovery.DiscoveryClient.register(DiscoveryClient.java:876) ~[eureka-client-1.10.17.jar:1.10.17]
	at com.netflix.discovery.InstanceInfoReplicator.run(InstanceInfoReplicator.java:121) ~[eureka-client-1.10.17.jar:1.10.17]
	at java.base/java.util.concurrent.Executors$RunnableAdapter.call(Executors.java:539) ~[na:na]
	at java.base/java.util.concurrent.FutureTask.run(FutureTask.java:264) ~[na:na]
	at java.base/java.util.concurrent.ScheduledThreadPoolExecutor$ScheduledFutureTask.run(ScheduledThreadPoolExecutor.java:304) ~[na:na]
	at java.base/java.util.concurrent.ThreadPoolExecutor.runWorker(ThreadPoolExecutor.java:1136) ~[na:na]
	at java.base/java.util.concurrent.ThreadPoolExecutor$Worker.run(ThreadPoolExecutor.java:635) ~[na:na]
	at java.base/java.lang.Thread.run(Thread.java:833) ~[na:na]

2023-01-14 14:38:40.273  WARN 17120 --- [DiscoveryClient-InstanceInfoReplicator-0] c.n.discovery.InstanceInfoReplicator     : There was a problem with the instance info replicator

com.netflix.discovery.shared.transport.TransportException: Cannot execute request on any known server
	at com.netflix.discovery.shared.transport.decorator.RetryableEurekaHttpClient.execute(RetryableEurekaHttpClient.java:112) ~[eureka-client-1.10.17.jar:1.10.17]
	at com.netflix.discovery.shared.transport.decorator.EurekaHttpClientDecorator.register(EurekaHttpClientDecorator.java:56) ~[eureka-client-1.10.17.jar:1.10.17]
	at com.netflix.discovery.shared.transport.decorator.EurekaHttpClientDecorator$1.execute(EurekaHttpClientDecorator.java:59) ~[eureka-client-1.10.17.jar:1.10.17]
	at com.netflix.discovery.shared.transport.decorator.SessionedEurekaHttpClient.execute(SessionedEurekaHttpClient.java:77) ~[eureka-client-1.10.17.jar:1.10.17]
	at com.netflix.discovery.shared.transport.decorator.EurekaHttpClientDecorator.register(EurekaHttpClientDecorator.java:56) ~[eureka-client-1.10.17.jar:1.10.17]
	at com.netflix.discovery.DiscoveryClient.register(DiscoveryClient.java:876) ~[eureka-client-1.10.17.jar:1.10.17]
	at com.netflix.discovery.InstanceInfoReplicator.run(InstanceInfoReplicator.java:121) ~[eureka-client-1.10.17.jar:1.10.17]
	at java.base/java.util.concurrent.Executors$RunnableAdapter.call(Executors.java:539) ~[na:na]
	at java.base/java.util.concurrent.FutureTask.run(FutureTask.java:264) ~[na:na]
	at java.base/java.util.concurrent.ScheduledThreadPoolExecutor$ScheduledFutureTask.run(ScheduledThreadPoolExecutor.java:304) ~[na:na]
	at java.base/java.util.concurrent.ThreadPoolExecutor.runWorker(ThreadPoolExecutor.java:1136) ~[na:na]
	at java.base/java.util.concurrent.ThreadPoolExecutor$Worker.run(ThreadPoolExecutor.java:635) ~[na:na]
	at java.base/java.lang.Thread.run(Thread.java:833) ~[na:na]

2023-01-14 14:38:40.284  INFO 17120 --- [DiscoveryClient-CacheRefreshExecutor-0] c.n.d.s.t.d.RedirectingEurekaHttpClient  : Request execution error. endpoint=DefaultEndpoint{ serviceUrl='http://localhost:8761/eureka/}, exception=I/O error on GET request for "http://localhost:8761/eureka/apps/": Connect to localhost:8761 [localhost/127.0.0.1, localhost/0:0:0:0:0:0:0:1] failed: Connection refused: connect; nested exception is org.apache.http.conn.HttpHostConnectException: Connect to localhost:8761 [localhost/127.0.0.1, localhost/0:0:0:0:0:0:0:1] failed: Connection refused: connect stacktrace=org.springframework.web.client.ResourceAccessException: I/O error on GET request for "http://localhost:8761/eureka/apps/": Connect to localhost:8761 [localhost/127.0.0.1, localhost/0:0:0:0:0:0:0:1] failed: Connection refused: connect; nested exception is org.apache.http.conn.HttpHostConnectException: Connect to localhost:8761 [localhost/127.0.0.1, localhost/0:0:0:0:0:0:0:1] failed: Connection refused: connect
	at org.springframework.web.client.RestTemplate.doExecute(RestTemplate.java:791)
	at org.springframework.web.client.RestTemplate.execute(RestTemplate.java:717)
	at org.springframework.web.client.RestTemplate.exchange(RestTemplate.java:608)
	at org.springframework.cloud.netflix.eureka.http.RestTemplateEurekaHttpClient.getApplicationsInternal(RestTemplateEurekaHttpClient.java:145)
	at org.springframework.cloud.netflix.eureka.http.RestTemplateEurekaHttpClient.getApplications(RestTemplateEurekaHttpClient.java:135)
	at com.netflix.discovery.shared.transport.decorator.EurekaHttpClientDecorator$6.execute(EurekaHttpClientDecorator.java:137)
	at com.netflix.discovery.shared.transport.decorator.RedirectingEurekaHttpClient.executeOnNewServer(RedirectingEurekaHttpClient.java:121)
	at com.netflix.discovery.shared.transport.decorator.RedirectingEurekaHttpClient.execute(RedirectingEurekaHttpClient.java:80)
	at com.netflix.discovery.shared.transport.decorator.EurekaHttpClientDecorator.getApplications(EurekaHttpClientDecorator.java:134)
	at com.netflix.discovery.shared.transport.decorator.EurekaHttpClientDecorator$6.execute(EurekaHttpClientDecorator.java:137)
	at com.netflix.discovery.shared.transport.decorator.RetryableEurekaHttpClient.execute(RetryableEurekaHttpClient.java:120)
	at com.netflix.discovery.shared.transport.decorator.EurekaHttpClientDecorator.getApplications(EurekaHttpClientDecorator.java:134)
	at com.netflix.discovery.shared.transport.decorator.EurekaHttpClientDecorator$6.execute(EurekaHttpClientDecorator.java:137)
	at com.netflix.discovery.shared.transport.decorator.SessionedEurekaHttpClient.execute(SessionedEurekaHttpClient.java:77)
	at com.netflix.discovery.shared.transport.decorator.EurekaHttpClientDecorator.getApplications(EurekaHttpClientDecorator.java:134)
	at com.netflix.discovery.DiscoveryClient.getAndStoreFullRegistry(DiscoveryClient.java:1101)
	at com.netflix.discovery.DiscoveryClient.fetchRegistry(DiscoveryClient.java:1014)
	at com.netflix.discovery.DiscoveryClient.refreshRegistry(DiscoveryClient.java:1531)
	at com.netflix.discovery.DiscoveryClient$CacheRefreshThread.run(DiscoveryClient.java:1498)
	at java.base/java.util.concurrent.Executors$RunnableAdapter.call(Executors.java:539)
	at java.base/java.util.concurrent.FutureTask.run(FutureTask.java:264)
	at java.base/java.util.concurrent.ThreadPoolExecutor.runWorker(ThreadPoolExecutor.java:1136)
	at java.base/java.util.concurrent.ThreadPoolExecutor$Worker.run(ThreadPoolExecutor.java:635)
	at java.base/java.lang.Thread.run(Thread.java:833)
Caused by: org.apache.http.conn.HttpHostConnectException: Connect to localhost:8761 [localhost/127.0.0.1, localhost/0:0:0:0:0:0:0:1] failed: Connection refused: connect
	at org.apache.http.impl.conn.DefaultHttpClientConnectionOperator.connect(DefaultHttpClientConnectionOperator.java:156)
	at org.apache.http.impl.conn.PoolingHttpClientConnectionManager.connect(PoolingHttpClientConnectionManager.java:376)
	at org.apache.http.impl.execchain.MainClientExec.establishRoute(MainClientExec.java:393)
	at org.apache.http.impl.execchain.MainClientExec.execute(MainClientExec.java:236)
	at org.apache.http.impl.execchain.ProtocolExec.execute(ProtocolExec.java:186)
	at org.apache.http.impl.execchain.RetryExec.execute(RetryExec.java:89)
	at org.apache.http.impl.execchain.RedirectExec.execute(RedirectExec.java:110)
	at org.apache.http.impl.client.InternalHttpClient.doExecute(InternalHttpClient.java:185)
	at org.apache.http.impl.client.CloseableHttpClient.execute(CloseableHttpClient.java:83)
	at org.apache.http.impl.client.CloseableHttpClient.execute(CloseableHttpClient.java:56)
	at org.springframework.http.client.HttpComponentsClientHttpRequest.executeInternal(HttpComponentsClientHttpRequest.java:87)
	at org.springframework.http.client.AbstractBufferingClientHttpRequest.executeInternal(AbstractBufferingClientHttpRequest.java:48)
	at org.springframework.http.client.AbstractClientHttpRequest.execute(AbstractClientHttpRequest.java:66)
	at org.springframework.web.client.RestTemplate.doExecute(RestTemplate.java:782)
	... 23 more
Caused by: java.net.ConnectException: Connection refused: connect
	at java.base/sun.nio.ch.Net.connect0(Native Method)
	at java.base/sun.nio.ch.Net.connect(Net.java:579)
	at java.base/sun.nio.ch.Net.connect(Net.java:568)
	at java.base/sun.nio.ch.NioSocketImpl.connect(NioSocketImpl.java:588)
	at java.base/java.net.SocksSocketImpl.connect(SocksSocketImpl.java:327)
	at java.base/java.net.Socket.connect(Socket.java:633)
	at org.apache.http.conn.socket.PlainConnectionSocketFactory.connectSocket(PlainConnectionSocketFactory.java:75)
	at org.apache.http.impl.conn.DefaultHttpClientConnectionOperator.connect(DefaultHttpClientConnectionOperator.java:142)
	... 36 more

2023-01-14 14:38:40.285  WARN 17120 --- [DiscoveryClient-CacheRefreshExecutor-0] c.n.d.s.t.d.RetryableEurekaHttpClient    : Request execution failed with message: I/O error on GET request for "http://localhost:8761/eureka/apps/": Connect to localhost:8761 [localhost/127.0.0.1, localhost/0:0:0:0:0:0:0:1] failed: Connection refused: connect; nested exception is org.apache.http.conn.HttpHostConnectException: Connect to localhost:8761 [localhost/127.0.0.1, localhost/0:0:0:0:0:0:0:1] failed: Connection refused: connect
2023-01-14 14:38:40.286  INFO 17120 --- [DiscoveryClient-CacheRefreshExecutor-0] com.netflix.discovery.DiscoveryClient    : DiscoveryClient_USER-PROFILE-SERVICE/host.docker.internal:user-profile-service:9001 - was unable to refresh its cache! This periodic background refresh will be retried in 30 seconds. status = Cannot execute request on any known server stacktrace = com.netflix.discovery.shared.transport.TransportException: Cannot execute request on any known server
	at com.netflix.discovery.shared.transport.decorator.RetryableEurekaHttpClient.execute(RetryableEurekaHttpClient.java:112)
	at com.netflix.discovery.shared.transport.decorator.EurekaHttpClientDecorator.getApplications(EurekaHttpClientDecorator.java:134)
	at com.netflix.discovery.shared.transport.decorator.EurekaHttpClientDecorator$6.execute(EurekaHttpClientDecorator.java:137)
	at com.netflix.discovery.shared.transport.decorator.SessionedEurekaHttpClient.execute(SessionedEurekaHttpClient.java:77)
	at com.netflix.discovery.shared.transport.decorator.EurekaHttpClientDecorator.getApplications(EurekaHttpClientDecorator.java:134)
	at com.netflix.discovery.DiscoveryClient.getAndStoreFullRegistry(DiscoveryClient.java:1101)
	at com.netflix.discovery.DiscoveryClient.fetchRegistry(DiscoveryClient.java:1014)
	at com.netflix.discovery.DiscoveryClient.refreshRegistry(DiscoveryClient.java:1531)
	at com.netflix.discovery.DiscoveryClient$CacheRefreshThread.run(DiscoveryClient.java:1498)
	at java.base/java.util.concurrent.Executors$RunnableAdapter.call(Executors.java:539)
	at java.base/java.util.concurrent.FutureTask.run(FutureTask.java:264)
	at java.base/java.util.concurrent.ThreadPoolExecutor.runWorker(ThreadPoolExecutor.java:1136)
	at java.base/java.util.concurrent.ThreadPoolExecutor$Worker.run(ThreadPoolExecutor.java:635)
	at java.base/java.lang.Thread.run(Thread.java:833)

2023-01-14 14:39:10.277  INFO 17120 --- [DiscoveryClient-InstanceInfoReplicator-0] com.netflix.discovery.DiscoveryClient    : DiscoveryClient_USER-PROFILE-SERVICE/host.docker.internal:user-profile-service:9001: registering service...
2023-01-14 14:39:10.284  INFO 17120 --- [DiscoveryClient-HeartbeatExecutor-0] com.netflix.discovery.DiscoveryClient    : DiscoveryClient_USER-PROFILE-SERVICE/host.docker.internal:user-profile-service:9001 - Re-registering apps/USER-PROFILE-SERVICE
2023-01-14 14:39:10.284  INFO 17120 --- [DiscoveryClient-HeartbeatExecutor-0] com.netflix.discovery.DiscoveryClient    : DiscoveryClient_USER-PROFILE-SERVICE/host.docker.internal:user-profile-service:9001: registering service...
2023-01-14 14:39:10.297  INFO 17120 --- [DiscoveryClient-HeartbeatExecutor-0] com.netflix.discovery.DiscoveryClient    : DiscoveryClient_USER-PROFILE-SERVICE/host.docker.internal:user-profile-service:9001 - registration status: 204
2023-01-14 14:39:10.298  INFO 17120 --- [DiscoveryClient-CacheRefreshExecutor-0] com.netflix.discovery.DiscoveryClient    : Disable delta property : false
2023-01-14 14:39:10.299  INFO 17120 --- [DiscoveryClient-CacheRefreshExecutor-0] com.netflix.discovery.DiscoveryClient    : Single vip registry refresh property : null
2023-01-14 14:39:10.299  INFO 17120 --- [DiscoveryClient-CacheRefreshExecutor-0] com.netflix.discovery.DiscoveryClient    : Force full registry fetch : false
2023-01-14 14:39:10.299  INFO 17120 --- [DiscoveryClient-CacheRefreshExecutor-0] com.netflix.discovery.DiscoveryClient    : Application is null : false
2023-01-14 14:39:10.299  INFO 17120 --- [DiscoveryClient-CacheRefreshExecutor-0] com.netflix.discovery.DiscoveryClient    : Registered Applications size is zero : true
2023-01-14 14:39:10.299  INFO 17120 --- [DiscoveryClient-CacheRefreshExecutor-0] com.netflix.discovery.DiscoveryClient    : Application version is -1: true
2023-01-14 14:39:10.299  INFO 17120 --- [DiscoveryClient-CacheRefreshExecutor-0] com.netflix.discovery.DiscoveryClient    : Getting all instance registry info from the eureka server
2023-01-14 14:39:10.351  INFO 17120 --- [DiscoveryClient-InstanceInfoReplicator-0] com.netflix.discovery.DiscoveryClient    : DiscoveryClient_USER-PROFILE-SERVICE/host.docker.internal:user-profile-service:9001 - registration status: 204
2023-01-14 14:39:10.374  INFO 17120 --- [DiscoveryClient-CacheRefreshExecutor-0] com.netflix.discovery.DiscoveryClient    : The response status is 200
2023-01-14 14:39:40.376  INFO 17120 --- [DiscoveryClient-CacheRefreshExecutor-0] com.netflix.discovery.DiscoveryClient    : Disable delta property : false
2023-01-14 14:39:40.377  INFO 17120 --- [DiscoveryClient-CacheRefreshExecutor-0] com.netflix.discovery.DiscoveryClient    : Single vip registry refresh property : null
2023-01-14 14:39:40.377  INFO 17120 --- [DiscoveryClient-CacheRefreshExecutor-0] com.netflix.discovery.DiscoveryClient    : Force full registry fetch : false
2023-01-14 14:39:40.377  INFO 17120 --- [DiscoveryClient-CacheRefreshExecutor-0] com.netflix.discovery.DiscoveryClient    : Application is null : false
2023-01-14 14:39:40.377  INFO 17120 --- [DiscoveryClient-CacheRefreshExecutor-0] com.netflix.discovery.DiscoveryClient    : Registered Applications size is zero : true
2023-01-14 14:39:40.377  INFO 17120 --- [DiscoveryClient-CacheRefreshExecutor-0] com.netflix.discovery.DiscoveryClient    : Application version is -1: false
2023-01-14 14:39:40.377  INFO 17120 --- [DiscoveryClient-CacheRefreshExecutor-0] com.netflix.discovery.DiscoveryClient    : Getting all instance registry info from the eureka server
2023-01-14 14:39:40.399  INFO 17120 --- [DiscoveryClient-CacheRefreshExecutor-0] com.netflix.discovery.DiscoveryClient    : The response status is 200
2023-01-14 14:41:23.614  INFO 17120 --- [http-nio-9001-exec-1] o.a.c.c.C.[Tomcat].[localhost].[/]       : Initializing Spring DispatcherServlet 'dispatcherServlet'
2023-01-14 14:41:23.615  INFO 17120 --- [http-nio-9001-exec-1] o.s.web.servlet.DispatcherServlet        : Initializing Servlet 'dispatcherServlet'
2023-01-14 14:41:23.618  INFO 17120 --- [http-nio-9001-exec-1] o.s.web.servlet.DispatcherServlet        : Completed initialization in 3 ms
2023-01-14 14:41:23.688  INFO 17120 --- [http-nio-9001-exec-1] i.s.userprofile.aspect.LoggingAspect     : Inside the before advice
2023-01-14 14:41:23.691  INFO 17120 --- [http-nio-9001-exec-1] i.s.userprofile.aspect.LoggingAspect     : Target method is registerUser
2023-01-14 14:41:25.396  INFO 17120 --- [http-nio-9001-exec-1] i.s.userprofile.aspect.LoggingAspect     : Inside the After Returning advice
2023-01-14 14:41:25.397  INFO 17120 --- [http-nio-9001-exec-1] i.s.userprofile.aspect.LoggingAspect     : Target method is registerUser
2023-01-14 14:41:25.398  INFO 17120 --- [http-nio-9001-exec-1] i.s.userprofile.aspect.LoggingAspect     : Returned value is <201 CREATED Created,in.stackroute.userprofile.model.User@6833dfda,[]>
2023-01-14 14:41:25.399  INFO 17120 --- [http-nio-9001-exec-1] i.s.userprofile.aspect.LoggingAspect     : Inside the After advice
2023-01-14 14:41:25.400  INFO 17120 --- [http-nio-9001-exec-1] i.s.userprofile.aspect.LoggingAspect     : Target method is registerUser
2023-01-14 14:41:25.400  INFO 17120 --- [http-nio-9001-exec-1] i.s.userprofile.aspect.LoggingAspect     : registerUser completed execution
2023-01-14 14:42:39.527  INFO 17120 --- [AsyncResolver-bootstrap-executor-0] c.n.d.s.r.aws.ConfigClusterResolver      : Resolving eureka endpoints via configuration
2023-01-14 14:47:32.460  INFO 17120 --- [http-nio-9001-exec-3] i.s.userprofile.aspect.LoggingAspect     : Inside the before advice
2023-01-14 14:47:32.461  INFO 17120 --- [http-nio-9001-exec-3] i.s.userprofile.aspect.LoggingAspect     : Target method is resetPass
2023-01-14 14:47:32.799  INFO 17120 --- [http-nio-9001-exec-3] i.s.userprofile.aspect.LoggingAspect     : Inside the After Returning advice
2023-01-14 14:47:32.800  INFO 17120 --- [http-nio-9001-exec-3] i.s.userprofile.aspect.LoggingAspect     : Target method is resetPass
2023-01-14 14:47:32.801  INFO 17120 --- [http-nio-9001-exec-3] i.s.userprofile.aspect.LoggingAspect     : Returned value is <201 CREATED Created,in.stackroute.userprofile.model.User@5fb036d1,[]>
2023-01-14 14:47:32.801  INFO 17120 --- [http-nio-9001-exec-3] i.s.userprofile.aspect.LoggingAspect     : Inside the After advice
2023-01-14 14:47:32.801  INFO 17120 --- [http-nio-9001-exec-3] i.s.userprofile.aspect.LoggingAspect     : Target method is resetPass
2023-01-14 14:47:32.801  INFO 17120 --- [http-nio-9001-exec-3] i.s.userprofile.aspect.LoggingAspect     : resetPass completed execution
2023-01-14 14:47:39.543  INFO 17120 --- [AsyncResolver-bootstrap-executor-0] c.n.d.s.r.aws.ConfigClusterResolver      : Resolving eureka endpoints via configuration
2023-01-14 14:52:39.559  INFO 17120 --- [AsyncResolver-bootstrap-executor-0] c.n.d.s.r.aws.ConfigClusterResolver      : Resolving eureka endpoints via configuration
2023-01-14 14:57:39.561  INFO 17120 --- [AsyncResolver-bootstrap-executor-0] c.n.d.s.r.aws.ConfigClusterResolver      : Resolving eureka endpoints via configuration
2023-01-14 15:02:39.565  INFO 17120 --- [AsyncResolver-bootstrap-executor-0] c.n.d.s.r.aws.ConfigClusterResolver      : Resolving eureka endpoints via configuration
2023-01-14 15:06:01.560  INFO 17120 --- [SpringApplicationShutdownHook] o.s.c.n.e.s.EurekaServiceRegistry        : Unregistering application USER-PROFILE-SERVICE with eureka with status DOWN
2023-01-14 15:06:01.561  INFO 17120 --- [SpringApplicationShutdownHook] com.netflix.discovery.DiscoveryClient    : Saw local status change event StatusChangeEvent [timestamp=1673688961560, current=DOWN, previous=UP]
2023-01-14 15:06:01.561  INFO 17120 --- [DiscoveryClient-InstanceInfoReplicator-0] com.netflix.discovery.DiscoveryClient    : DiscoveryClient_USER-PROFILE-SERVICE/host.docker.internal:user-profile-service:9001: registering service...
2023-01-14 15:06:01.577  INFO 17120 --- [DiscoveryClient-InstanceInfoReplicator-0] com.netflix.discovery.DiscoveryClient    : DiscoveryClient_USER-PROFILE-SERVICE/host.docker.internal:user-profile-service:9001 - registration status: 204
2023-01-14 15:06:01.631  INFO 17120 --- [SpringApplicationShutdownHook] j.LocalContainerEntityManagerFactoryBean : Closing JPA EntityManagerFactory for persistence unit 'default'
2023-01-14 15:06:01.662  INFO 17120 --- [SpringApplicationShutdownHook] com.zaxxer.hikari.HikariDataSource       : HikariPool-1 - Shutdown initiated...
2023-01-14 15:06:01.816  INFO 17120 --- [SpringApplicationShutdownHook] com.zaxxer.hikari.HikariDataSource       : HikariPool-1 - Shutdown completed.
2023-01-14 15:06:01.817  INFO 17120 --- [SpringApplicationShutdownHook] com.netflix.discovery.DiscoveryClient    : Shutting down DiscoveryClient ...
2023-01-14 15:06:04.832  INFO 17120 --- [SpringApplicationShutdownHook] com.netflix.discovery.DiscoveryClient    : Unregistering ...
2023-01-14 15:06:04.852  INFO 17120 --- [SpringApplicationShutdownHook] com.netflix.discovery.DiscoveryClient    : DiscoveryClient_USER-PROFILE-SERVICE/host.docker.internal:user-profile-service:9001 - deregister  status: 200
2023-01-14 15:06:04.860  INFO 17120 --- [SpringApplicationShutdownHook] com.netflix.discovery.DiscoveryClient    : Completed shut down of DiscoveryClient
2023-01-14 15:06:26.565  INFO 12864 --- [main] i.s.userprofile.UserprofileApplication   : Starting UserprofileApplication using Java 17.0.5 on LAPTOP-0JDK5SNE with PID 12864 (C:\natwest\Hackathon\mock-springboot-hackathon\contactapi\userprofile\target\classes started by Admin in C:\natwest\Hackathon\mock-springboot-hackathon\contactapi)
2023-01-14 15:06:26.568 DEBUG 12864 --- [main] i.s.userprofile.UserprofileApplication   : Running with Spring Boot v2.7.8-SNAPSHOT, Spring v5.3.24
2023-01-14 15:06:26.568  INFO 12864 --- [main] i.s.userprofile.UserprofileApplication   : No active profile set, falling back to 1 default profile: "default"
2023-01-14 15:06:29.571  INFO 12864 --- [main] .s.d.r.c.RepositoryConfigurationDelegate : Bootstrapping Spring Data JPA repositories in DEFAULT mode.
2023-01-14 15:06:30.472  INFO 12864 --- [main] .s.d.r.c.RepositoryConfigurationDelegate : Finished Spring Data repository scanning in 891 ms. Found 1 JPA repository interfaces.
2023-01-14 15:06:30.942  INFO 12864 --- [main] o.s.cloud.context.scope.GenericScope     : BeanFactory id=0ee9a9ba-5df5-3f0f-a612-7660b716ec34
2023-01-14 15:06:35.353  INFO 12864 --- [main] o.s.b.w.embedded.tomcat.TomcatWebServer  : Tomcat initialized with port(s): 9001 (http)
2023-01-14 15:06:35.355  INFO 12864 --- [main] o.a.catalina.core.AprLifecycleListener   : Loaded Apache Tomcat Native library [1.2.35] using APR version [1.7.0].
2023-01-14 15:06:35.355  INFO 12864 --- [main] o.a.catalina.core.AprLifecycleListener   : APR capabilities: IPv6 [true], sendfile [true], accept filters [false], random [true], UDS [true].
2023-01-14 15:06:35.356  INFO 12864 --- [main] o.a.catalina.core.AprLifecycleListener   : APR/OpenSSL configuration: useAprConnector [false], useOpenSSL [true]
2023-01-14 15:06:35.414  INFO 12864 --- [main] o.a.catalina.core.AprLifecycleListener   : OpenSSL successfully initialized [OpenSSL 1.1.1q  5 Jul 2022]
2023-01-14 15:06:35.675  INFO 12864 --- [main] o.apache.catalina.core.StandardService   : Starting service [Tomcat]
2023-01-14 15:06:35.676  INFO 12864 --- [main] org.apache.catalina.core.StandardEngine  : Starting Servlet engine: [Apache Tomcat/9.0.70]
2023-01-14 15:06:36.531  INFO 12864 --- [main] o.a.c.c.C.[Tomcat].[localhost].[/]       : Initializing Spring embedded WebApplicationContext
2023-01-14 15:06:36.534  INFO 12864 --- [main] w.s.c.ServletWebServerApplicationContext : Root WebApplicationContext: initialization completed in 9677 ms
2023-01-14 15:06:38.373  INFO 12864 --- [main] o.hibernate.jpa.internal.util.LogHelper  : HHH000204: Processing PersistenceUnitInfo [name: default]
2023-01-14 15:06:39.204  INFO 12864 --- [main] org.hibernate.Version                    : HHH000412: Hibernate ORM core version 5.6.14.Final
2023-01-14 15:06:40.388  INFO 12864 --- [main] o.hibernate.annotations.common.Version   : HCANN000001: Hibernate Commons Annotations {5.1.2.Final}
2023-01-14 15:06:40.769  INFO 12864 --- [main] com.zaxxer.hikari.HikariDataSource       : HikariPool-1 - Starting...
2023-01-14 15:06:44.803  INFO 12864 --- [main] com.zaxxer.hikari.HikariDataSource       : HikariPool-1 - Start completed.
2023-01-14 15:06:45.211  INFO 12864 --- [main] org.hibernate.dialect.Dialect            : HHH000400: Using dialect: org.hibernate.dialect.MySQL8Dialect
2023-01-14 15:06:47.921  INFO 12864 --- [main] o.h.e.t.j.p.i.JtaPlatformInitiator       : HHH000490: Using JtaPlatform implementation: [org.hibernate.engine.transaction.jta.platform.internal.NoJtaPlatform]
2023-01-14 15:06:47.928  INFO 12864 --- [main] j.LocalContainerEntityManagerFactoryBean : Initialized JPA EntityManagerFactory for persistence unit 'default'
2023-01-14 15:06:48.035  WARN 12864 --- [main] JpaBaseConfiguration$JpaWebConfiguration : spring.jpa.open-in-view is enabled by default. Therefore, database queries may be performed during view rendering. Explicitly configure spring.jpa.open-in-view to disable this warning
2023-01-14 15:06:48.145  INFO 12864 --- [main] o.s.c.openfeign.FeignClientFactoryBean   : For 'contacts-service' URL not provided. Will try picking an instance via load-balancing.
2023-01-14 15:06:50.017  INFO 12864 --- [main] DiscoveryClientOptionalArgsConfiguration : Eureka HTTP Client uses RestTemplate.
2023-01-14 15:06:50.187  WARN 12864 --- [main] iguration$LoadBalancerCaffeineWarnLogger : Spring Cloud LoadBalancer is currently working with the default cache. While this cache implementation is useful for development and tests, it's recommended to use Caffeine cache in production.You can switch to using Caffeine cache, by adding it and org.springframework.cache.caffeine.CaffeineCacheManager to the classpath.
2023-01-14 15:06:50.215  INFO 12864 --- [main] o.s.c.n.eureka.InstanceInfoFactory       : Setting initial instance status as: STARTING
2023-01-14 15:06:50.996  INFO 12864 --- [main] com.netflix.discovery.DiscoveryClient    : Initializing Eureka in region us-east-1
2023-01-14 15:06:51.001  INFO 12864 --- [main] c.n.d.s.r.aws.ConfigClusterResolver      : Resolving eureka endpoints via configuration
2023-01-14 15:06:51.054  INFO 12864 --- [main] com.netflix.discovery.DiscoveryClient    : Disable delta property : false
2023-01-14 15:06:51.055  INFO 12864 --- [main] com.netflix.discovery.DiscoveryClient    : Single vip registry refresh property : null
2023-01-14 15:06:51.056  INFO 12864 --- [main] com.netflix.discovery.DiscoveryClient    : Force full registry fetch : false
2023-01-14 15:06:51.056  INFO 12864 --- [main] com.netflix.discovery.DiscoveryClient    : Application is null : false
2023-01-14 15:06:51.056  INFO 12864 --- [main] com.netflix.discovery.DiscoveryClient    : Registered Applications size is zero : true
2023-01-14 15:06:51.056  INFO 12864 --- [main] com.netflix.discovery.DiscoveryClient    : Application version is -1: true
2023-01-14 15:06:51.056  INFO 12864 --- [main] com.netflix.discovery.DiscoveryClient    : Getting all instance registry info from the eureka server
2023-01-14 15:06:51.769  INFO 12864 --- [main] com.netflix.discovery.DiscoveryClient    : The response status is 200
2023-01-14 15:06:51.794  INFO 12864 --- [main] com.netflix.discovery.DiscoveryClient    : Starting heartbeat executor: renew interval is: 30
2023-01-14 15:06:51.799  INFO 12864 --- [main] c.n.discovery.InstanceInfoReplicator     : InstanceInfoReplicator onDemand update allowed rate per min is 4
2023-01-14 15:06:51.834  INFO 12864 --- [main] com.netflix.discovery.DiscoveryClient    : Discovery Client initialized at timestamp 1673689011812 with initial instances count: 1
2023-01-14 15:06:51.837  INFO 12864 --- [main] o.s.c.n.e.s.EurekaServiceRegistry        : Registering application USER-PROFILE-SERVICE with eureka with status UP
2023-01-14 15:06:51.838  INFO 12864 --- [main] com.netflix.discovery.DiscoveryClient    : Saw local status change event StatusChangeEvent [timestamp=1673689011838, current=UP, previous=STARTING]
2023-01-14 15:06:51.848  INFO 12864 --- [DiscoveryClient-InstanceInfoReplicator-0] com.netflix.discovery.DiscoveryClient    : DiscoveryClient_USER-PROFILE-SERVICE/host.docker.internal:user-profile-service:9001: registering service...
2023-01-14 15:06:51.912  INFO 12864 --- [main] o.s.b.w.embedded.tomcat.TomcatWebServer  : Tomcat started on port(s): 9001 (http) with context path ''
2023-01-14 15:06:51.913  INFO 12864 --- [main] .s.c.n.e.s.EurekaAutoServiceRegistration : Updating port to 9001
2023-01-14 15:06:51.922  INFO 12864 --- [DiscoveryClient-InstanceInfoReplicator-0] com.netflix.discovery.DiscoveryClient    : DiscoveryClient_USER-PROFILE-SERVICE/host.docker.internal:user-profile-service:9001 - registration status: 204
2023-01-14 15:06:52.307  INFO 12864 --- [main] i.s.userprofile.UserprofileApplication   : Started UserprofileApplication in 28.15 seconds (JVM running for 30.116)
2023-01-14 15:11:51.060  INFO 12864 --- [AsyncResolver-bootstrap-executor-0] c.n.d.s.r.aws.ConfigClusterResolver      : Resolving eureka endpoints via configuration
2023-01-14 15:16:51.076  INFO 12864 --- [AsyncResolver-bootstrap-executor-0] c.n.d.s.r.aws.ConfigClusterResolver      : Resolving eureka endpoints via configuration
2023-01-14 15:21:51.830  INFO 12864 --- [AsyncResolver-bootstrap-executor-0] c.n.d.s.r.aws.ConfigClusterResolver      : Resolving eureka endpoints via configuration
2023-01-14 15:25:50.963  INFO 12864 --- [http-nio-9001-exec-1] o.a.c.c.C.[Tomcat].[localhost].[/]       : Initializing Spring DispatcherServlet 'dispatcherServlet'
2023-01-14 15:25:50.995  INFO 12864 --- [http-nio-9001-exec-1] o.s.web.servlet.DispatcherServlet        : Initializing Servlet 'dispatcherServlet'
2023-01-14 15:25:54.627  INFO 12864 --- [http-nio-9001-exec-1] o.s.web.servlet.DispatcherServlet        : Completed initialization in 3631 ms
2023-01-14 15:26:00.586  INFO 12864 --- [http-nio-9001-exec-1] i.s.userprofile.aspect.LoggingAspect     : Inside the before advice
2023-01-14 15:26:01.134  INFO 12864 --- [http-nio-9001-exec-1] i.s.userprofile.aspect.LoggingAspect     : Target method is registerUser
2023-01-14 15:26:10.970  INFO 12864 --- [http-nio-9001-exec-2] i.s.userprofile.aspect.LoggingAspect     : Inside the before advice
2023-01-14 15:26:10.972  INFO 12864 --- [http-nio-9001-exec-2] i.s.userprofile.aspect.LoggingAspect     : Target method is registerUser
2023-01-14 15:26:13.184  INFO 12864 --- [http-nio-9001-exec-1] i.s.userprofile.aspect.LoggingAspect     : Inside the After Returning advice
2023-01-14 15:26:13.186  INFO 12864 --- [http-nio-9001-exec-1] i.s.userprofile.aspect.LoggingAspect     : Target method is registerUser
2023-01-14 15:26:13.187  INFO 12864 --- [http-nio-9001-exec-1] i.s.userprofile.aspect.LoggingAspect     : Returned value is <201 CREATED Created,in.stackroute.userprofile.model.User@3dcdbb21,[]>
2023-01-14 15:26:13.187  INFO 12864 --- [http-nio-9001-exec-1] i.s.userprofile.aspect.LoggingAspect     : Inside the After advice
2023-01-14 15:26:13.188  INFO 12864 --- [http-nio-9001-exec-1] i.s.userprofile.aspect.LoggingAspect     : Target method is registerUser
2023-01-14 15:26:13.189  INFO 12864 --- [http-nio-9001-exec-1] i.s.userprofile.aspect.LoggingAspect     : registerUser completed execution
2023-01-14 15:26:13.242  INFO 12864 --- [http-nio-9001-exec-2] i.s.userprofile.aspect.LoggingAspect     : Inside the After Returning advice
2023-01-14 15:26:13.243  INFO 12864 --- [http-nio-9001-exec-2] i.s.userprofile.aspect.LoggingAspect     : Target method is registerUser
2023-01-14 15:26:13.243  INFO 12864 --- [http-nio-9001-exec-2] i.s.userprofile.aspect.LoggingAspect     : Returned value is <201 CREATED Created,in.stackroute.userprofile.model.User@76a663d1,[]>
2023-01-14 15:26:13.243  INFO 12864 --- [http-nio-9001-exec-2] i.s.userprofile.aspect.LoggingAspect     : Inside the After advice
2023-01-14 15:26:13.244  INFO 12864 --- [http-nio-9001-exec-2] i.s.userprofile.aspect.LoggingAspect     : Target method is registerUser
2023-01-14 15:26:13.244  INFO 12864 --- [http-nio-9001-exec-2] i.s.userprofile.aspect.LoggingAspect     : registerUser completed execution
2023-01-14 15:26:53.349  INFO 12864 --- [AsyncResolver-bootstrap-executor-0] c.n.d.s.r.aws.ConfigClusterResolver      : Resolving eureka endpoints via configuration
2023-01-14 15:27:14.968  INFO 12864 --- [http-nio-9001-exec-5] i.s.userprofile.aspect.LoggingAspect     : Inside the before advice
2023-01-14 15:27:14.969  INFO 12864 --- [http-nio-9001-exec-5] i.s.userprofile.aspect.LoggingAspect     : Target method is registerUser
2023-01-14 15:27:15.244  INFO 12864 --- [http-nio-9001-exec-5] i.s.userprofile.aspect.LoggingAspect     : Inside the After Throwing advice
2023-01-14 15:27:15.245  INFO 12864 --- [http-nio-9001-exec-5] i.s.userprofile.aspect.LoggingAspect     : Target method is registerUser
2023-01-14 15:27:15.246  INFO 12864 --- [http-nio-9001-exec-5] i.s.userprofile.aspect.LoggingAspect     : Exception thrown User with the email already Exists
2023-01-14 15:27:15.246  INFO 12864 --- [http-nio-9001-exec-5] i.s.userprofile.aspect.LoggingAspect     : Inside the After advice
2023-01-14 15:27:15.247  INFO 12864 --- [http-nio-9001-exec-5] i.s.userprofile.aspect.LoggingAspect     : Target method is registerUser
2023-01-14 15:27:15.247  INFO 12864 --- [http-nio-9001-exec-5] i.s.userprofile.aspect.LoggingAspect     : registerUser completed execution
2023-01-14 15:27:37.606  WARN 12864 --- [http-nio-9001-exec-6] o.a.c.util.SessionIdGeneratorBase        : Creation of SecureRandom instance for session ID generation using [SHA1PRNG] took [326] milliseconds.
2023-01-14 15:27:37.633  INFO 12864 --- [http-nio-9001-exec-6] i.s.userprofile.aspect.LoggingAspect     : Inside the before advice
2023-01-14 15:27:37.633  INFO 12864 --- [http-nio-9001-exec-6] i.s.userprofile.aspect.LoggingAspect     : Target method is loginUser
2023-01-14 15:27:37.768  INFO 12864 --- [http-nio-9001-exec-6] i.s.userprofile.aspect.LoggingAspect     : Inside the After Throwing advice
2023-01-14 15:27:37.768  INFO 12864 --- [http-nio-9001-exec-6] i.s.userprofile.aspect.LoggingAspect     : Target method is authenticateUser
2023-01-14 15:27:37.786  INFO 12864 --- [http-nio-9001-exec-6] i.s.userprofile.aspect.LoggingAspect     : Exception thrown query did not return a unique result: 2; nested exception is javax.persistence.NonUniqueResultException: query did not return a unique result: 2
2023-01-14 15:27:37.786  INFO 12864 --- [http-nio-9001-exec-6] i.s.userprofile.aspect.LoggingAspect     : Inside the After advice
2023-01-14 15:27:37.786  INFO 12864 --- [http-nio-9001-exec-6] i.s.userprofile.aspect.LoggingAspect     : Target method is loginUser
2023-01-14 15:27:37.786  INFO 12864 --- [http-nio-9001-exec-6] i.s.userprofile.aspect.LoggingAspect     : loginUser completed execution
2023-01-14 15:27:37.827 ERROR 12864 --- [http-nio-9001-exec-6] o.a.c.c.C.[.[.[/].[dispatcherServlet]    : Servlet.service() for servlet [dispatcherServlet] in context with path [] threw exception [Request processing failed; nested exception is org.springframework.dao.IncorrectResultSizeDataAccessException: query did not return a unique result: 2; nested exception is javax.persistence.NonUniqueResultException: query did not return a unique result: 2] with root cause

javax.persistence.NonUniqueResultException: query did not return a unique result: 2
	at org.hibernate.internal.ExceptionConverterImpl.convert(ExceptionConverterImpl.java:128) ~[hibernate-core-5.6.14.Final.jar:5.6.14.Final]
	at org.hibernate.query.internal.AbstractProducedQuery.getSingleResult(AbstractProducedQuery.java:1672) ~[hibernate-core-5.6.14.Final.jar:5.6.14.Final]
	at org.springframework.data.jpa.repository.query.JpaQueryExecution$SingleEntityExecution.doExecute(JpaQueryExecution.java:198) ~[spring-data-jpa-2.7.6.jar:2.7.6]
	at org.springframework.data.jpa.repository.query.JpaQueryExecution.execute(JpaQueryExecution.java:90) ~[spring-data-jpa-2.7.6.jar:2.7.6]
	at org.springframework.data.jpa.repository.query.AbstractJpaQuery.doExecute(AbstractJpaQuery.java:156) ~[spring-data-jpa-2.7.6.jar:2.7.6]
	at org.springframework.data.jpa.repository.query.AbstractJpaQuery.execute(AbstractJpaQuery.java:144) ~[spring-data-jpa-2.7.6.jar:2.7.6]
	at org.springframework.data.repository.core.support.RepositoryMethodInvoker.doInvoke(RepositoryMethodInvoker.java:137) ~[spring-data-commons-2.7.6.jar:2.7.6]
	at org.springframework.data.repository.core.support.RepositoryMethodInvoker.invoke(RepositoryMethodInvoker.java:121) ~[spring-data-commons-2.7.6.jar:2.7.6]
	at org.springframework.data.repository.core.support.QueryExecutorMethodInterceptor.doInvoke(QueryExecutorMethodInterceptor.java:160) ~[spring-data-commons-2.7.6.jar:2.7.6]
	at org.springframework.data.repository.core.support.QueryExecutorMethodInterceptor.invoke(QueryExecutorMethodInterceptor.java:139) ~[spring-data-commons-2.7.6.jar:2.7.6]
	at org.springframework.aop.framework.ReflectiveMethodInvocation.proceed(ReflectiveMethodInvocation.java:186) ~[spring-aop-5.3.24.jar:5.3.24]
	at org.springframework.data.projection.DefaultMethodInvokingMethodInterceptor.invoke(DefaultMethodInvokingMethodInterceptor.java:81) ~[spring-data-commons-2.7.6.jar:2.7.6]
	at org.springframework.aop.framework.ReflectiveMethodInvocation.proceed(ReflectiveMethodInvocation.java:186) ~[spring-aop-5.3.24.jar:5.3.24]
	at org.springframework.transaction.interceptor.TransactionInterceptor$1.proceedWithInvocation(TransactionInterceptor.java:123) ~[spring-tx-5.3.24.jar:5.3.24]
	at org.springframework.transaction.interceptor.TransactionAspectSupport.invokeWithinTransaction(TransactionAspectSupport.java:388) ~[spring-tx-5.3.24.jar:5.3.24]
	at org.springframework.transaction.interceptor.TransactionInterceptor.invoke(TransactionInterceptor.java:119) ~[spring-tx-5.3.24.jar:5.3.24]
	at org.springframework.aop.framework.ReflectiveMethodInvocation.proceed(ReflectiveMethodInvocation.java:186) ~[spring-aop-5.3.24.jar:5.3.24]
	at org.springframework.dao.support.PersistenceExceptionTranslationInterceptor.invoke(PersistenceExceptionTranslationInterceptor.java:137) ~[spring-tx-5.3.24.jar:5.3.24]
	at org.springframework.aop.framework.ReflectiveMethodInvocation.proceed(ReflectiveMethodInvocation.java:186) ~[spring-aop-5.3.24.jar:5.3.24]
	at org.springframework.data.jpa.repository.support.CrudMethodMetadataPostProcessor$CrudMethodMetadataPopulatingMethodInterceptor.invoke(CrudMethodMetadataPostProcessor.java:145) ~[spring-data-jpa-2.7.6.jar:2.7.6]
	at org.springframework.aop.framework.ReflectiveMethodInvocation.proceed(ReflectiveMethodInvocation.java:186) ~[spring-aop-5.3.24.jar:5.3.24]
	at org.springframework.aop.interceptor.ExposeInvocationInterceptor.invoke(ExposeInvocationInterceptor.java:97) ~[spring-aop-5.3.24.jar:5.3.24]
	at org.springframework.aop.framework.ReflectiveMethodInvocation.proceed(ReflectiveMethodInvocation.java:186) ~[spring-aop-5.3.24.jar:5.3.24]
	at org.springframework.aop.framework.JdkDynamicAopProxy.invoke(JdkDynamicAopProxy.java:215) ~[spring-aop-5.3.24.jar:5.3.24]
	at jdk.proxy2/jdk.proxy2.$Proxy139.getUserByEmail(Unknown Source) ~[na:na]
	at in.stackroute.userprofile.service.UserServiceImpl.authenticateUser(UserServiceImpl.java:63) ~[classes/:na]
	at in.stackroute.userprofile.service.UserServiceImpl$$FastClassBySpringCGLIB$$ced2631d.invoke(<generated>) ~[classes/:na]
	at org.springframework.cglib.proxy.MethodProxy.invoke(MethodProxy.java:218) ~[spring-core-5.3.24.jar:5.3.24]
	at org.springframework.aop.framework.CglibAopProxy$CglibMethodInvocation.invokeJoinpoint(CglibAopProxy.java:793) ~[spring-aop-5.3.24.jar:5.3.24]
	at org.springframework.aop.framework.ReflectiveMethodInvocation.proceed(ReflectiveMethodInvocation.java:163) ~[spring-aop-5.3.24.jar:5.3.24]
	at org.springframework.aop.framework.CglibAopProxy$CglibMethodInvocation.proceed(CglibAopProxy.java:763) ~[spring-aop-5.3.24.jar:5.3.24]
	at org.springframework.aop.aspectj.AspectJAfterThrowingAdvice.invoke(AspectJAfterThrowingAdvice.java:64) ~[spring-aop-5.3.24.jar:5.3.24]
	at org.springframework.aop.framework.ReflectiveMethodInvocation.proceed(ReflectiveMethodInvocation.java:186) ~[spring-aop-5.3.24.jar:5.3.24]
	at org.springframework.aop.framework.CglibAopProxy$CglibMethodInvocation.proceed(CglibAopProxy.java:763) ~[spring-aop-5.3.24.jar:5.3.24]
	at org.springframework.aop.interceptor.ExposeInvocationInterceptor.invoke(ExposeInvocationInterceptor.java:97) ~[spring-aop-5.3.24.jar:5.3.24]
	at org.springframework.aop.framework.ReflectiveMethodInvocation.proceed(ReflectiveMethodInvocation.java:186) ~[spring-aop-5.3.24.jar:5.3.24]
	at org.springframework.aop.framework.CglibAopProxy$CglibMethodInvocation.proceed(CglibAopProxy.java:763) ~[spring-aop-5.3.24.jar:5.3.24]
	at org.springframework.aop.framework.CglibAopProxy$DynamicAdvisedInterceptor.intercept(CglibAopProxy.java:708) ~[spring-aop-5.3.24.jar:5.3.24]
	at in.stackroute.userprofile.service.UserServiceImpl$$EnhancerBySpringCGLIB$$b6ebd7a8.authenticateUser(<generated>) ~[classes/:na]
	at in.stackroute.userprofile.controller.UserController.loginUser(UserController.java:38) ~[classes/:na]
	at in.stackroute.userprofile.controller.UserController$$FastClassBySpringCGLIB$$550d245.invoke(<generated>) ~[classes/:na]
	at org.springframework.cglib.proxy.MethodProxy.invoke(MethodProxy.java:218) ~[spring-core-5.3.24.jar:5.3.24]
	at org.springframework.aop.framework.CglibAopProxy$CglibMethodInvocation.invokeJoinpoint(CglibAopProxy.java:793) ~[spring-aop-5.3.24.jar:5.3.24]
	at org.springframework.aop.framework.ReflectiveMethodInvocation.proceed(ReflectiveMethodInvocation.java:163) ~[spring-aop-5.3.24.jar:5.3.24]
	at org.springframework.aop.framework.CglibAopProxy$CglibMethodInvocation.proceed(CglibAopProxy.java:763) ~[spring-aop-5.3.24.jar:5.3.24]
	at org.springframework.aop.framework.adapter.AfterReturningAdviceInterceptor.invoke(AfterReturningAdviceInterceptor.java:57) ~[spring-aop-5.3.24.jar:5.3.24]
	at org.springframework.aop.framework.ReflectiveMethodInvocation.proceed(ReflectiveMethodInvocation.java:186) ~[spring-aop-5.3.24.jar:5.3.24]
	at org.springframework.aop.framework.CglibAopProxy$CglibMethodInvocation.proceed(CglibAopProxy.java:763) ~[spring-aop-5.3.24.jar:5.3.24]
	at org.springframework.aop.aspectj.AspectJAfterAdvice.invoke(AspectJAfterAdvice.java:49) ~[spring-aop-5.3.24.jar:5.3.24]
	at org.springframework.aop.framework.ReflectiveMethodInvocation.proceed(ReflectiveMethodInvocation.java:186) ~[spring-aop-5.3.24.jar:5.3.24]
	at org.springframework.aop.framework.CglibAopProxy$CglibMethodInvocation.proceed(CglibAopProxy.java:763) ~[spring-aop-5.3.24.jar:5.3.24]
	at org.springframework.aop.framework.adapter.MethodBeforeAdviceInterceptor.invoke(MethodBeforeAdviceInterceptor.java:58) ~[spring-aop-5.3.24.jar:5.3.24]
	at org.springframework.aop.framework.ReflectiveMethodInvocation.proceed(ReflectiveMethodInvocation.java:186) ~[spring-aop-5.3.24.jar:5.3.24]
	at org.springframework.aop.framework.CglibAopProxy$CglibMethodInvocation.proceed(CglibAopProxy.java:763) ~[spring-aop-5.3.24.jar:5.3.24]
	at org.springframework.aop.interceptor.ExposeInvocationInterceptor.invoke(ExposeInvocationInterceptor.java:97) ~[spring-aop-5.3.24.jar:5.3.24]
	at org.springframework.aop.framework.ReflectiveMethodInvocation.proceed(ReflectiveMethodInvocation.java:186) ~[spring-aop-5.3.24.jar:5.3.24]
	at org.springframework.aop.framework.CglibAopProxy$CglibMethodInvocation.proceed(CglibAopProxy.java:763) ~[spring-aop-5.3.24.jar:5.3.24]
	at org.springframework.aop.framework.CglibAopProxy$DynamicAdvisedInterceptor.intercept(CglibAopProxy.java:708) ~[spring-aop-5.3.24.jar:5.3.24]
	at in.stackroute.userprofile.controller.UserController$$EnhancerBySpringCGLIB$$2f4d26e7.loginUser(<generated>) ~[classes/:na]
	at java.base/jdk.internal.reflect.NativeMethodAccessorImpl.invoke0(Native Method) ~[na:na]
	at java.base/jdk.internal.reflect.NativeMethodAccessorImpl.invoke(NativeMethodAccessorImpl.java:77) ~[na:na]
	at java.base/jdk.internal.reflect.DelegatingMethodAccessorImpl.invoke(DelegatingMethodAccessorImpl.java:43) ~[na:na]
	at java.base/java.lang.reflect.Method.invoke(Method.java:568) ~[na:na]
	at org.springframework.web.method.support.InvocableHandlerMethod.doInvoke(InvocableHandlerMethod.java:205) ~[spring-web-5.3.24.jar:5.3.24]
	at org.springframework.web.method.support.InvocableHandlerMethod.invokeForRequest(InvocableHandlerMethod.java:150) ~[spring-web-5.3.24.jar:5.3.24]
	at org.springframework.web.servlet.mvc.method.annotation.ServletInvocableHandlerMethod.invokeAndHandle(ServletInvocableHandlerMethod.java:117) ~[spring-webmvc-5.3.24.jar:5.3.24]
	at org.springframework.web.servlet.mvc.method.annotation.RequestMappingHandlerAdapter.invokeHandlerMethod(RequestMappingHandlerAdapter.java:895) ~[spring-webmvc-5.3.24.jar:5.3.24]
	at org.springframework.web.servlet.mvc.method.annotation.RequestMappingHandlerAdapter.handleInternal(RequestMappingHandlerAdapter.java:808) ~[spring-webmvc-5.3.24.jar:5.3.24]
	at org.springframework.web.servlet.mvc.method.AbstractHandlerMethodAdapter.handle(AbstractHandlerMethodAdapter.java:87) ~[spring-webmvc-5.3.24.jar:5.3.24]
	at org.springframework.web.servlet.DispatcherServlet.doDispatch(DispatcherServlet.java:1071) ~[spring-webmvc-5.3.24.jar:5.3.24]
	at org.springframework.web.servlet.DispatcherServlet.doService(DispatcherServlet.java:964) ~[spring-webmvc-5.3.24.jar:5.3.24]
	at org.springframework.web.servlet.FrameworkServlet.processRequest(FrameworkServlet.java:1006) ~[spring-webmvc-5.3.24.jar:5.3.24]
	at org.springframework.web.servlet.FrameworkServlet.doPost(FrameworkServlet.java:909) ~[spring-webmvc-5.3.24.jar:5.3.24]
	at javax.servlet.http.HttpServlet.service(HttpServlet.java:696) ~[tomcat-embed-core-9.0.70.jar:4.0.FR]
	at org.springframework.web.servlet.FrameworkServlet.service(FrameworkServlet.java:883) ~[spring-webmvc-5.3.24.jar:5.3.24]
	at javax.servlet.http.HttpServlet.service(HttpServlet.java:779) ~[tomcat-embed-core-9.0.70.jar:4.0.FR]
	at org.apache.catalina.core.ApplicationFilterChain.internalDoFilter(ApplicationFilterChain.java:227) ~[tomcat-embed-core-9.0.70.jar:9.0.70]
	at org.apache.catalina.core.ApplicationFilterChain.doFilter(ApplicationFilterChain.java:162) ~[tomcat-embed-core-9.0.70.jar:9.0.70]
	at org.apache.tomcat.websocket.server.WsFilter.doFilter(WsFilter.java:53) ~[tomcat-embed-websocket-9.0.70.jar:9.0.70]
	at org.apache.catalina.core.ApplicationFilterChain.internalDoFilter(ApplicationFilterChain.java:189) ~[tomcat-embed-core-9.0.70.jar:9.0.70]
	at org.apache.catalina.core.ApplicationFilterChain.doFilter(ApplicationFilterChain.java:162) ~[tomcat-embed-core-9.0.70.jar:9.0.70]
	at org.springframework.web.filter.CharacterEncodingFilter.doFilterInternal(CharacterEncodingFilter.java:201) ~[spring-web-5.3.24.jar:5.3.24]
	at org.springframework.web.filter.OncePerRequestFilter.doFilter(OncePerRequestFilter.java:117) ~[spring-web-5.3.24.jar:5.3.24]
	at org.apache.catalina.core.ApplicationFilterChain.internalDoFilter(ApplicationFilterChain.java:189) ~[tomcat-embed-core-9.0.70.jar:9.0.70]
	at org.apache.catalina.core.ApplicationFilterChain.doFilter(ApplicationFilterChain.java:162) ~[tomcat-embed-core-9.0.70.jar:9.0.70]
	at org.apache.catalina.core.StandardWrapperValve.invoke(StandardWrapperValve.java:177) ~[tomcat-embed-core-9.0.70.jar:9.0.70]
	at org.apache.catalina.core.StandardContextValve.invoke(StandardContextValve.java:97) ~[tomcat-embed-core-9.0.70.jar:9.0.70]
	at org.apache.catalina.authenticator.AuthenticatorBase.invoke(AuthenticatorBase.java:541) ~[tomcat-embed-core-9.0.70.jar:9.0.70]
	at org.apache.catalina.core.StandardHostValve.invoke(StandardHostValve.java:135) ~[tomcat-embed-core-9.0.70.jar:9.0.70]
	at org.apache.catalina.valves.ErrorReportValve.invoke(ErrorReportValve.java:92) ~[tomcat-embed-core-9.0.70.jar:9.0.70]
	at org.apache.catalina.core.StandardEngineValve.invoke(StandardEngineValve.java:78) ~[tomcat-embed-core-9.0.70.jar:9.0.70]
	at org.apache.catalina.connector.CoyoteAdapter.service(CoyoteAdapter.java:360) ~[tomcat-embed-core-9.0.70.jar:9.0.70]
	at org.apache.coyote.http11.Http11Processor.service(Http11Processor.java:399) ~[tomcat-embed-core-9.0.70.jar:9.0.70]
	at org.apache.coyote.AbstractProcessorLight.process(AbstractProcessorLight.java:65) ~[tomcat-embed-core-9.0.70.jar:9.0.70]
	at org.apache.coyote.AbstractProtocol$ConnectionHandler.process(AbstractProtocol.java:891) ~[tomcat-embed-core-9.0.70.jar:9.0.70]
	at org.apache.tomcat.util.net.NioEndpoint$SocketProcessor.doRun(NioEndpoint.java:1784) ~[tomcat-embed-core-9.0.70.jar:9.0.70]
	at org.apache.tomcat.util.net.SocketProcessorBase.run(SocketProcessorBase.java:49) ~[tomcat-embed-core-9.0.70.jar:9.0.70]
	at org.apache.tomcat.util.threads.ThreadPoolExecutor.runWorker(ThreadPoolExecutor.java:1191) ~[tomcat-embed-core-9.0.70.jar:9.0.70]
	at org.apache.tomcat.util.threads.ThreadPoolExecutor$Worker.run(ThreadPoolExecutor.java:659) ~[tomcat-embed-core-9.0.70.jar:9.0.70]
	at org.apache.tomcat.util.threads.TaskThread$WrappingRunnable.run(TaskThread.java:61) ~[tomcat-embed-core-9.0.70.jar:9.0.70]
	at java.base/java.lang.Thread.run(Thread.java:833) ~[na:na]

2023-01-14 15:27:48.304  INFO 12864 --- [http-nio-9001-exec-7] i.s.userprofile.aspect.LoggingAspect     : Inside the before advice
2023-01-14 15:27:48.304  INFO 12864 --- [http-nio-9001-exec-7] i.s.userprofile.aspect.LoggingAspect     : Target method is loginUser
2023-01-14 15:27:48.350  INFO 12864 --- [http-nio-9001-exec-7] i.s.userprofile.aspect.LoggingAspect     : Inside the After Throwing advice
2023-01-14 15:27:48.350  INFO 12864 --- [http-nio-9001-exec-7] i.s.userprofile.aspect.LoggingAspect     : Target method is authenticateUser
2023-01-14 15:27:48.350  INFO 12864 --- [http-nio-9001-exec-7] i.s.userprofile.aspect.LoggingAspect     : Exception thrown query did not return a unique result: 2; nested exception is javax.persistence.NonUniqueResultException: query did not return a unique result: 2
2023-01-14 15:27:48.351  INFO 12864 --- [http-nio-9001-exec-7] i.s.userprofile.aspect.LoggingAspect     : Inside the After advice
2023-01-14 15:27:48.351  INFO 12864 --- [http-nio-9001-exec-7] i.s.userprofile.aspect.LoggingAspect     : Target method is loginUser
2023-01-14 15:27:48.351  INFO 12864 --- [http-nio-9001-exec-7] i.s.userprofile.aspect.LoggingAspect     : loginUser completed execution
2023-01-14 15:27:48.353 ERROR 12864 --- [http-nio-9001-exec-7] o.a.c.c.C.[.[.[/].[dispatcherServlet]    : Servlet.service() for servlet [dispatcherServlet] in context with path [] threw exception [Request processing failed; nested exception is org.springframework.dao.IncorrectResultSizeDataAccessException: query did not return a unique result: 2; nested exception is javax.persistence.NonUniqueResultException: query did not return a unique result: 2] with root cause

javax.persistence.NonUniqueResultException: query did not return a unique result: 2
	at org.hibernate.internal.ExceptionConverterImpl.convert(ExceptionConverterImpl.java:128) ~[hibernate-core-5.6.14.Final.jar:5.6.14.Final]
	at org.hibernate.query.internal.AbstractProducedQuery.getSingleResult(AbstractProducedQuery.java:1672) ~[hibernate-core-5.6.14.Final.jar:5.6.14.Final]
	at org.springframework.data.jpa.repository.query.JpaQueryExecution$SingleEntityExecution.doExecute(JpaQueryExecution.java:198) ~[spring-data-jpa-2.7.6.jar:2.7.6]
	at org.springframework.data.jpa.repository.query.JpaQueryExecution.execute(JpaQueryExecution.java:90) ~[spring-data-jpa-2.7.6.jar:2.7.6]
	at org.springframework.data.jpa.repository.query.AbstractJpaQuery.doExecute(AbstractJpaQuery.java:156) ~[spring-data-jpa-2.7.6.jar:2.7.6]
	at org.springframework.data.jpa.repository.query.AbstractJpaQuery.execute(AbstractJpaQuery.java:144) ~[spring-data-jpa-2.7.6.jar:2.7.6]
	at org.springframework.data.repository.core.support.RepositoryMethodInvoker.doInvoke(RepositoryMethodInvoker.java:137) ~[spring-data-commons-2.7.6.jar:2.7.6]
	at org.springframework.data.repository.core.support.RepositoryMethodInvoker.invoke(RepositoryMethodInvoker.java:121) ~[spring-data-commons-2.7.6.jar:2.7.6]
	at org.springframework.data.repository.core.support.QueryExecutorMethodInterceptor.doInvoke(QueryExecutorMethodInterceptor.java:160) ~[spring-data-commons-2.7.6.jar:2.7.6]
	at org.springframework.data.repository.core.support.QueryExecutorMethodInterceptor.invoke(QueryExecutorMethodInterceptor.java:139) ~[spring-data-commons-2.7.6.jar:2.7.6]
	at org.springframework.aop.framework.ReflectiveMethodInvocation.proceed(ReflectiveMethodInvocation.java:186) ~[spring-aop-5.3.24.jar:5.3.24]
	at org.springframework.data.projection.DefaultMethodInvokingMethodInterceptor.invoke(DefaultMethodInvokingMethodInterceptor.java:81) ~[spring-data-commons-2.7.6.jar:2.7.6]
	at org.springframework.aop.framework.ReflectiveMethodInvocation.proceed(ReflectiveMethodInvocation.java:186) ~[spring-aop-5.3.24.jar:5.3.24]
	at org.springframework.transaction.interceptor.TransactionInterceptor$1.proceedWithInvocation(TransactionInterceptor.java:123) ~[spring-tx-5.3.24.jar:5.3.24]
	at org.springframework.transaction.interceptor.TransactionAspectSupport.invokeWithinTransaction(TransactionAspectSupport.java:388) ~[spring-tx-5.3.24.jar:5.3.24]
	at org.springframework.transaction.interceptor.TransactionInterceptor.invoke(TransactionInterceptor.java:119) ~[spring-tx-5.3.24.jar:5.3.24]
	at org.springframework.aop.framework.ReflectiveMethodInvocation.proceed(ReflectiveMethodInvocation.java:186) ~[spring-aop-5.3.24.jar:5.3.24]
	at org.springframework.dao.support.PersistenceExceptionTranslationInterceptor.invoke(PersistenceExceptionTranslationInterceptor.java:137) ~[spring-tx-5.3.24.jar:5.3.24]
	at org.springframework.aop.framework.ReflectiveMethodInvocation.proceed(ReflectiveMethodInvocation.java:186) ~[spring-aop-5.3.24.jar:5.3.24]
	at org.springframework.data.jpa.repository.support.CrudMethodMetadataPostProcessor$CrudMethodMetadataPopulatingMethodInterceptor.invoke(CrudMethodMetadataPostProcessor.java:145) ~[spring-data-jpa-2.7.6.jar:2.7.6]
	at org.springframework.aop.framework.ReflectiveMethodInvocation.proceed(ReflectiveMethodInvocation.java:186) ~[spring-aop-5.3.24.jar:5.3.24]
	at org.springframework.aop.interceptor.ExposeInvocationInterceptor.invoke(ExposeInvocationInterceptor.java:97) ~[spring-aop-5.3.24.jar:5.3.24]
	at org.springframework.aop.framework.ReflectiveMethodInvocation.proceed(ReflectiveMethodInvocation.java:186) ~[spring-aop-5.3.24.jar:5.3.24]
	at org.springframework.aop.framework.JdkDynamicAopProxy.invoke(JdkDynamicAopProxy.java:215) ~[spring-aop-5.3.24.jar:5.3.24]
	at jdk.proxy2/jdk.proxy2.$Proxy139.getUserByEmail(Unknown Source) ~[na:na]
	at in.stackroute.userprofile.service.UserServiceImpl.authenticateUser(UserServiceImpl.java:63) ~[classes/:na]
	at in.stackroute.userprofile.service.UserServiceImpl$$FastClassBySpringCGLIB$$ced2631d.invoke(<generated>) ~[classes/:na]
	at org.springframework.cglib.proxy.MethodProxy.invoke(MethodProxy.java:218) ~[spring-core-5.3.24.jar:5.3.24]
	at org.springframework.aop.framework.CglibAopProxy$CglibMethodInvocation.invokeJoinpoint(CglibAopProxy.java:793) ~[spring-aop-5.3.24.jar:5.3.24]
	at org.springframework.aop.framework.ReflectiveMethodInvocation.proceed(ReflectiveMethodInvocation.java:163) ~[spring-aop-5.3.24.jar:5.3.24]
	at org.springframework.aop.framework.CglibAopProxy$CglibMethodInvocation.proceed(CglibAopProxy.java:763) ~[spring-aop-5.3.24.jar:5.3.24]
	at org.springframework.aop.aspectj.AspectJAfterThrowingAdvice.invoke(AspectJAfterThrowingAdvice.java:64) ~[spring-aop-5.3.24.jar:5.3.24]
	at org.springframework.aop.framework.ReflectiveMethodInvocation.proceed(ReflectiveMethodInvocation.java:186) ~[spring-aop-5.3.24.jar:5.3.24]
	at org.springframework.aop.framework.CglibAopProxy$CglibMethodInvocation.proceed(CglibAopProxy.java:763) ~[spring-aop-5.3.24.jar:5.3.24]
	at org.springframework.aop.interceptor.ExposeInvocationInterceptor.invoke(ExposeInvocationInterceptor.java:97) ~[spring-aop-5.3.24.jar:5.3.24]
	at org.springframework.aop.framework.ReflectiveMethodInvocation.proceed(ReflectiveMethodInvocation.java:186) ~[spring-aop-5.3.24.jar:5.3.24]
	at org.springframework.aop.framework.CglibAopProxy$CglibMethodInvocation.proceed(CglibAopProxy.java:763) ~[spring-aop-5.3.24.jar:5.3.24]
	at org.springframework.aop.framework.CglibAopProxy$DynamicAdvisedInterceptor.intercept(CglibAopProxy.java:708) ~[spring-aop-5.3.24.jar:5.3.24]
	at in.stackroute.userprofile.service.UserServiceImpl$$EnhancerBySpringCGLIB$$b6ebd7a8.authenticateUser(<generated>) ~[classes/:na]
	at in.stackroute.userprofile.controller.UserController.loginUser(UserController.java:38) ~[classes/:na]
	at in.stackroute.userprofile.controller.UserController$$FastClassBySpringCGLIB$$550d245.invoke(<generated>) ~[classes/:na]
	at org.springframework.cglib.proxy.MethodProxy.invoke(MethodProxy.java:218) ~[spring-core-5.3.24.jar:5.3.24]
	at org.springframework.aop.framework.CglibAopProxy$CglibMethodInvocation.invokeJoinpoint(CglibAopProxy.java:793) ~[spring-aop-5.3.24.jar:5.3.24]
	at org.springframework.aop.framework.ReflectiveMethodInvocation.proceed(ReflectiveMethodInvocation.java:163) ~[spring-aop-5.3.24.jar:5.3.24]
	at org.springframework.aop.framework.CglibAopProxy$CglibMethodInvocation.proceed(CglibAopProxy.java:763) ~[spring-aop-5.3.24.jar:5.3.24]
	at org.springframework.aop.framework.adapter.AfterReturningAdviceInterceptor.invoke(AfterReturningAdviceInterceptor.java:57) ~[spring-aop-5.3.24.jar:5.3.24]
	at org.springframework.aop.framework.ReflectiveMethodInvocation.proceed(ReflectiveMethodInvocation.java:186) ~[spring-aop-5.3.24.jar:5.3.24]
	at org.springframework.aop.framework.CglibAopProxy$CglibMethodInvocation.proceed(CglibAopProxy.java:763) ~[spring-aop-5.3.24.jar:5.3.24]
	at org.springframework.aop.aspectj.AspectJAfterAdvice.invoke(AspectJAfterAdvice.java:49) ~[spring-aop-5.3.24.jar:5.3.24]
	at org.springframework.aop.framework.ReflectiveMethodInvocation.proceed(ReflectiveMethodInvocation.java:186) ~[spring-aop-5.3.24.jar:5.3.24]
	at org.springframework.aop.framework.CglibAopProxy$CglibMethodInvocation.proceed(CglibAopProxy.java:763) ~[spring-aop-5.3.24.jar:5.3.24]
	at org.springframework.aop.framework.adapter.MethodBeforeAdviceInterceptor.invoke(MethodBeforeAdviceInterceptor.java:58) ~[spring-aop-5.3.24.jar:5.3.24]
	at org.springframework.aop.framework.ReflectiveMethodInvocation.proceed(ReflectiveMethodInvocation.java:186) ~[spring-aop-5.3.24.jar:5.3.24]
	at org.springframework.aop.framework.CglibAopProxy$CglibMethodInvocation.proceed(CglibAopProxy.java:763) ~[spring-aop-5.3.24.jar:5.3.24]
	at org.springframework.aop.interceptor.ExposeInvocationInterceptor.invoke(ExposeInvocationInterceptor.java:97) ~[spring-aop-5.3.24.jar:5.3.24]
	at org.springframework.aop.framework.ReflectiveMethodInvocation.proceed(ReflectiveMethodInvocation.java:186) ~[spring-aop-5.3.24.jar:5.3.24]
	at org.springframework.aop.framework.CglibAopProxy$CglibMethodInvocation.proceed(CglibAopProxy.java:763) ~[spring-aop-5.3.24.jar:5.3.24]
	at org.springframework.aop.framework.CglibAopProxy$DynamicAdvisedInterceptor.intercept(CglibAopProxy.java:708) ~[spring-aop-5.3.24.jar:5.3.24]
	at in.stackroute.userprofile.controller.UserController$$EnhancerBySpringCGLIB$$2f4d26e7.loginUser(<generated>) ~[classes/:na]
	at java.base/jdk.internal.reflect.NativeMethodAccessorImpl.invoke0(Native Method) ~[na:na]
	at java.base/jdk.internal.reflect.NativeMethodAccessorImpl.invoke(NativeMethodAccessorImpl.java:77) ~[na:na]
	at java.base/jdk.internal.reflect.DelegatingMethodAccessorImpl.invoke(DelegatingMethodAccessorImpl.java:43) ~[na:na]
	at java.base/java.lang.reflect.Method.invoke(Method.java:568) ~[na:na]
	at org.springframework.web.method.support.InvocableHandlerMethod.doInvoke(InvocableHandlerMethod.java:205) ~[spring-web-5.3.24.jar:5.3.24]
	at org.springframework.web.method.support.InvocableHandlerMethod.invokeForRequest(InvocableHandlerMethod.java:150) ~[spring-web-5.3.24.jar:5.3.24]
	at org.springframework.web.servlet.mvc.method.annotation.ServletInvocableHandlerMethod.invokeAndHandle(ServletInvocableHandlerMethod.java:117) ~[spring-webmvc-5.3.24.jar:5.3.24]
	at org.springframework.web.servlet.mvc.method.annotation.RequestMappingHandlerAdapter.invokeHandlerMethod(RequestMappingHandlerAdapter.java:895) ~[spring-webmvc-5.3.24.jar:5.3.24]
	at org.springframework.web.servlet.mvc.method.annotation.RequestMappingHandlerAdapter.handleInternal(RequestMappingHandlerAdapter.java:808) ~[spring-webmvc-5.3.24.jar:5.3.24]
	at org.springframework.web.servlet.mvc.method.AbstractHandlerMethodAdapter.handle(AbstractHandlerMethodAdapter.java:87) ~[spring-webmvc-5.3.24.jar:5.3.24]
	at org.springframework.web.servlet.DispatcherServlet.doDispatch(DispatcherServlet.java:1071) ~[spring-webmvc-5.3.24.jar:5.3.24]
	at org.springframework.web.servlet.DispatcherServlet.doService(DispatcherServlet.java:964) ~[spring-webmvc-5.3.24.jar:5.3.24]
	at org.springframework.web.servlet.FrameworkServlet.processRequest(FrameworkServlet.java:1006) ~[spring-webmvc-5.3.24.jar:5.3.24]
	at org.springframework.web.servlet.FrameworkServlet.doPost(FrameworkServlet.java:909) ~[spring-webmvc-5.3.24.jar:5.3.24]
	at javax.servlet.http.HttpServlet.service(HttpServlet.java:696) ~[tomcat-embed-core-9.0.70.jar:4.0.FR]
	at org.springframework.web.servlet.FrameworkServlet.service(FrameworkServlet.java:883) ~[spring-webmvc-5.3.24.jar:5.3.24]
	at javax.servlet.http.HttpServlet.service(HttpServlet.java:779) ~[tomcat-embed-core-9.0.70.jar:4.0.FR]
	at org.apache.catalina.core.ApplicationFilterChain.internalDoFilter(ApplicationFilterChain.java:227) ~[tomcat-embed-core-9.0.70.jar:9.0.70]
	at org.apache.catalina.core.ApplicationFilterChain.doFilter(ApplicationFilterChain.java:162) ~[tomcat-embed-core-9.0.70.jar:9.0.70]
	at org.apache.tomcat.websocket.server.WsFilter.doFilter(WsFilter.java:53) ~[tomcat-embed-websocket-9.0.70.jar:9.0.70]
	at org.apache.catalina.core.ApplicationFilterChain.internalDoFilter(ApplicationFilterChain.java:189) ~[tomcat-embed-core-9.0.70.jar:9.0.70]
	at org.apache.catalina.core.ApplicationFilterChain.doFilter(ApplicationFilterChain.java:162) ~[tomcat-embed-core-9.0.70.jar:9.0.70]
	at org.springframework.web.filter.CharacterEncodingFilter.doFilterInternal(CharacterEncodingFilter.java:201) ~[spring-web-5.3.24.jar:5.3.24]
	at org.springframework.web.filter.OncePerRequestFilter.doFilter(OncePerRequestFilter.java:117) ~[spring-web-5.3.24.jar:5.3.24]
	at org.apache.catalina.core.ApplicationFilterChain.internalDoFilter(ApplicationFilterChain.java:189) ~[tomcat-embed-core-9.0.70.jar:9.0.70]
	at org.apache.catalina.core.ApplicationFilterChain.doFilter(ApplicationFilterChain.java:162) ~[tomcat-embed-core-9.0.70.jar:9.0.70]
	at org.apache.catalina.core.StandardWrapperValve.invoke(StandardWrapperValve.java:177) ~[tomcat-embed-core-9.0.70.jar:9.0.70]
	at org.apache.catalina.core.StandardContextValve.invoke(StandardContextValve.java:97) ~[tomcat-embed-core-9.0.70.jar:9.0.70]
	at org.apache.catalina.authenticator.AuthenticatorBase.invoke(AuthenticatorBase.java:541) ~[tomcat-embed-core-9.0.70.jar:9.0.70]
	at org.apache.catalina.core.StandardHostValve.invoke(StandardHostValve.java:135) ~[tomcat-embed-core-9.0.70.jar:9.0.70]
	at org.apache.catalina.valves.ErrorReportValve.invoke(ErrorReportValve.java:92) ~[tomcat-embed-core-9.0.70.jar:9.0.70]
	at org.apache.catalina.core.StandardEngineValve.invoke(StandardEngineValve.java:78) ~[tomcat-embed-core-9.0.70.jar:9.0.70]
	at org.apache.catalina.connector.CoyoteAdapter.service(CoyoteAdapter.java:360) ~[tomcat-embed-core-9.0.70.jar:9.0.70]
	at org.apache.coyote.http11.Http11Processor.service(Http11Processor.java:399) ~[tomcat-embed-core-9.0.70.jar:9.0.70]
	at org.apache.coyote.AbstractProcessorLight.process(AbstractProcessorLight.java:65) ~[tomcat-embed-core-9.0.70.jar:9.0.70]
	at org.apache.coyote.AbstractProtocol$ConnectionHandler.process(AbstractProtocol.java:891) ~[tomcat-embed-core-9.0.70.jar:9.0.70]
	at org.apache.tomcat.util.net.NioEndpoint$SocketProcessor.doRun(NioEndpoint.java:1784) ~[tomcat-embed-core-9.0.70.jar:9.0.70]
	at org.apache.tomcat.util.net.SocketProcessorBase.run(SocketProcessorBase.java:49) ~[tomcat-embed-core-9.0.70.jar:9.0.70]
	at org.apache.tomcat.util.threads.ThreadPoolExecutor.runWorker(ThreadPoolExecutor.java:1191) ~[tomcat-embed-core-9.0.70.jar:9.0.70]
	at org.apache.tomcat.util.threads.ThreadPoolExecutor$Worker.run(ThreadPoolExecutor.java:659) ~[tomcat-embed-core-9.0.70.jar:9.0.70]
	at org.apache.tomcat.util.threads.TaskThread$WrappingRunnable.run(TaskThread.java:61) ~[tomcat-embed-core-9.0.70.jar:9.0.70]
	at java.base/java.lang.Thread.run(Thread.java:833) ~[na:na]

2023-01-14 15:28:52.006  INFO 12864 --- [http-nio-9001-exec-8] i.s.userprofile.aspect.LoggingAspect     : Inside the before advice
2023-01-14 15:28:52.008  INFO 12864 --- [http-nio-9001-exec-8] i.s.userprofile.aspect.LoggingAspect     : Target method is loginUser
2023-01-14 15:28:52.060  INFO 12864 --- [http-nio-9001-exec-8] i.s.userprofile.aspect.LoggingAspect     : Inside the After Throwing advice
2023-01-14 15:28:52.060  INFO 12864 --- [http-nio-9001-exec-8] i.s.userprofile.aspect.LoggingAspect     : Target method is authenticateUser
2023-01-14 15:28:52.060  INFO 12864 --- [http-nio-9001-exec-8] i.s.userprofile.aspect.LoggingAspect     : Exception thrown query did not return a unique result: 2; nested exception is javax.persistence.NonUniqueResultException: query did not return a unique result: 2
2023-01-14 15:28:52.060  INFO 12864 --- [http-nio-9001-exec-8] i.s.userprofile.aspect.LoggingAspect     : Inside the After advice
2023-01-14 15:28:52.061  INFO 12864 --- [http-nio-9001-exec-8] i.s.userprofile.aspect.LoggingAspect     : Target method is loginUser
2023-01-14 15:28:52.061  INFO 12864 --- [http-nio-9001-exec-8] i.s.userprofile.aspect.LoggingAspect     : loginUser completed execution
2023-01-14 15:28:52.062 ERROR 12864 --- [http-nio-9001-exec-8] o.a.c.c.C.[.[.[/].[dispatcherServlet]    : Servlet.service() for servlet [dispatcherServlet] in context with path [] threw exception [Request processing failed; nested exception is org.springframework.dao.IncorrectResultSizeDataAccessException: query did not return a unique result: 2; nested exception is javax.persistence.NonUniqueResultException: query did not return a unique result: 2] with root cause

javax.persistence.NonUniqueResultException: query did not return a unique result: 2
	at org.hibernate.internal.ExceptionConverterImpl.convert(ExceptionConverterImpl.java:128) ~[hibernate-core-5.6.14.Final.jar:5.6.14.Final]
	at org.hibernate.query.internal.AbstractProducedQuery.getSingleResult(AbstractProducedQuery.java:1672) ~[hibernate-core-5.6.14.Final.jar:5.6.14.Final]
	at org.springframework.data.jpa.repository.query.JpaQueryExecution$SingleEntityExecution.doExecute(JpaQueryExecution.java:198) ~[spring-data-jpa-2.7.6.jar:2.7.6]
	at org.springframework.data.jpa.repository.query.JpaQueryExecution.execute(JpaQueryExecution.java:90) ~[spring-data-jpa-2.7.6.jar:2.7.6]
	at org.springframework.data.jpa.repository.query.AbstractJpaQuery.doExecute(AbstractJpaQuery.java:156) ~[spring-data-jpa-2.7.6.jar:2.7.6]
	at org.springframework.data.jpa.repository.query.AbstractJpaQuery.execute(AbstractJpaQuery.java:144) ~[spring-data-jpa-2.7.6.jar:2.7.6]
	at org.springframework.data.repository.core.support.RepositoryMethodInvoker.doInvoke(RepositoryMethodInvoker.java:137) ~[spring-data-commons-2.7.6.jar:2.7.6]
	at org.springframework.data.repository.core.support.RepositoryMethodInvoker.invoke(RepositoryMethodInvoker.java:121) ~[spring-data-commons-2.7.6.jar:2.7.6]
	at org.springframework.data.repository.core.support.QueryExecutorMethodInterceptor.doInvoke(QueryExecutorMethodInterceptor.java:160) ~[spring-data-commons-2.7.6.jar:2.7.6]
	at org.springframework.data.repository.core.support.QueryExecutorMethodInterceptor.invoke(QueryExecutorMethodInterceptor.java:139) ~[spring-data-commons-2.7.6.jar:2.7.6]
	at org.springframework.aop.framework.ReflectiveMethodInvocation.proceed(ReflectiveMethodInvocation.java:186) ~[spring-aop-5.3.24.jar:5.3.24]
	at org.springframework.data.projection.DefaultMethodInvokingMethodInterceptor.invoke(DefaultMethodInvokingMethodInterceptor.java:81) ~[spring-data-commons-2.7.6.jar:2.7.6]
	at org.springframework.aop.framework.ReflectiveMethodInvocation.proceed(ReflectiveMethodInvocation.java:186) ~[spring-aop-5.3.24.jar:5.3.24]
	at org.springframework.transaction.interceptor.TransactionInterceptor$1.proceedWithInvocation(TransactionInterceptor.java:123) ~[spring-tx-5.3.24.jar:5.3.24]
	at org.springframework.transaction.interceptor.TransactionAspectSupport.invokeWithinTransaction(TransactionAspectSupport.java:388) ~[spring-tx-5.3.24.jar:5.3.24]
	at org.springframework.transaction.interceptor.TransactionInterceptor.invoke(TransactionInterceptor.java:119) ~[spring-tx-5.3.24.jar:5.3.24]
	at org.springframework.aop.framework.ReflectiveMethodInvocation.proceed(ReflectiveMethodInvocation.java:186) ~[spring-aop-5.3.24.jar:5.3.24]
	at org.springframework.dao.support.PersistenceExceptionTranslationInterceptor.invoke(PersistenceExceptionTranslationInterceptor.java:137) ~[spring-tx-5.3.24.jar:5.3.24]
	at org.springframework.aop.framework.ReflectiveMethodInvocation.proceed(ReflectiveMethodInvocation.java:186) ~[spring-aop-5.3.24.jar:5.3.24]
	at org.springframework.data.jpa.repository.support.CrudMethodMetadataPostProcessor$CrudMethodMetadataPopulatingMethodInterceptor.invoke(CrudMethodMetadataPostProcessor.java:145) ~[spring-data-jpa-2.7.6.jar:2.7.6]
	at org.springframework.aop.framework.ReflectiveMethodInvocation.proceed(ReflectiveMethodInvocation.java:186) ~[spring-aop-5.3.24.jar:5.3.24]
	at org.springframework.aop.interceptor.ExposeInvocationInterceptor.invoke(ExposeInvocationInterceptor.java:97) ~[spring-aop-5.3.24.jar:5.3.24]
	at org.springframework.aop.framework.ReflectiveMethodInvocation.proceed(ReflectiveMethodInvocation.java:186) ~[spring-aop-5.3.24.jar:5.3.24]
	at org.springframework.aop.framework.JdkDynamicAopProxy.invoke(JdkDynamicAopProxy.java:215) ~[spring-aop-5.3.24.jar:5.3.24]
	at jdk.proxy2/jdk.proxy2.$Proxy139.getUserByEmail(Unknown Source) ~[na:na]
	at in.stackroute.userprofile.service.UserServiceImpl.authenticateUser(UserServiceImpl.java:63) ~[classes/:na]
	at in.stackroute.userprofile.service.UserServiceImpl$$FastClassBySpringCGLIB$$ced2631d.invoke(<generated>) ~[classes/:na]
	at org.springframework.cglib.proxy.MethodProxy.invoke(MethodProxy.java:218) ~[spring-core-5.3.24.jar:5.3.24]
	at org.springframework.aop.framework.CglibAopProxy$CglibMethodInvocation.invokeJoinpoint(CglibAopProxy.java:793) ~[spring-aop-5.3.24.jar:5.3.24]
	at org.springframework.aop.framework.ReflectiveMethodInvocation.proceed(ReflectiveMethodInvocation.java:163) ~[spring-aop-5.3.24.jar:5.3.24]
	at org.springframework.aop.framework.CglibAopProxy$CglibMethodInvocation.proceed(CglibAopProxy.java:763) ~[spring-aop-5.3.24.jar:5.3.24]
	at org.springframework.aop.aspectj.AspectJAfterThrowingAdvice.invoke(AspectJAfterThrowingAdvice.java:64) ~[spring-aop-5.3.24.jar:5.3.24]
	at org.springframework.aop.framework.ReflectiveMethodInvocation.proceed(ReflectiveMethodInvocation.java:186) ~[spring-aop-5.3.24.jar:5.3.24]
	at org.springframework.aop.framework.CglibAopProxy$CglibMethodInvocation.proceed(CglibAopProxy.java:763) ~[spring-aop-5.3.24.jar:5.3.24]
	at org.springframework.aop.interceptor.ExposeInvocationInterceptor.invoke(ExposeInvocationInterceptor.java:97) ~[spring-aop-5.3.24.jar:5.3.24]
	at org.springframework.aop.framework.ReflectiveMethodInvocation.proceed(ReflectiveMethodInvocation.java:186) ~[spring-aop-5.3.24.jar:5.3.24]
	at org.springframework.aop.framework.CglibAopProxy$CglibMethodInvocation.proceed(CglibAopProxy.java:763) ~[spring-aop-5.3.24.jar:5.3.24]
	at org.springframework.aop.framework.CglibAopProxy$DynamicAdvisedInterceptor.intercept(CglibAopProxy.java:708) ~[spring-aop-5.3.24.jar:5.3.24]
	at in.stackroute.userprofile.service.UserServiceImpl$$EnhancerBySpringCGLIB$$b6ebd7a8.authenticateUser(<generated>) ~[classes/:na]
	at in.stackroute.userprofile.controller.UserController.loginUser(UserController.java:38) ~[classes/:na]
	at in.stackroute.userprofile.controller.UserController$$FastClassBySpringCGLIB$$550d245.invoke(<generated>) ~[classes/:na]
	at org.springframework.cglib.proxy.MethodProxy.invoke(MethodProxy.java:218) ~[spring-core-5.3.24.jar:5.3.24]
	at org.springframework.aop.framework.CglibAopProxy$CglibMethodInvocation.invokeJoinpoint(CglibAopProxy.java:793) ~[spring-aop-5.3.24.jar:5.3.24]
	at org.springframework.aop.framework.ReflectiveMethodInvocation.proceed(ReflectiveMethodInvocation.java:163) ~[spring-aop-5.3.24.jar:5.3.24]
	at org.springframework.aop.framework.CglibAopProxy$CglibMethodInvocation.proceed(CglibAopProxy.java:763) ~[spring-aop-5.3.24.jar:5.3.24]
	at org.springframework.aop.framework.adapter.AfterReturningAdviceInterceptor.invoke(AfterReturningAdviceInterceptor.java:57) ~[spring-aop-5.3.24.jar:5.3.24]
	at org.springframework.aop.framework.ReflectiveMethodInvocation.proceed(ReflectiveMethodInvocation.java:186) ~[spring-aop-5.3.24.jar:5.3.24]
	at org.springframework.aop.framework.CglibAopProxy$CglibMethodInvocation.proceed(CglibAopProxy.java:763) ~[spring-aop-5.3.24.jar:5.3.24]
	at org.springframework.aop.aspectj.AspectJAfterAdvice.invoke(AspectJAfterAdvice.java:49) ~[spring-aop-5.3.24.jar:5.3.24]
	at org.springframework.aop.framework.ReflectiveMethodInvocation.proceed(ReflectiveMethodInvocation.java:186) ~[spring-aop-5.3.24.jar:5.3.24]
	at org.springframework.aop.framework.CglibAopProxy$CglibMethodInvocation.proceed(CglibAopProxy.java:763) ~[spring-aop-5.3.24.jar:5.3.24]
	at org.springframework.aop.framework.adapter.MethodBeforeAdviceInterceptor.invoke(MethodBeforeAdviceInterceptor.java:58) ~[spring-aop-5.3.24.jar:5.3.24]
	at org.springframework.aop.framework.ReflectiveMethodInvocation.proceed(ReflectiveMethodInvocation.java:186) ~[spring-aop-5.3.24.jar:5.3.24]
	at org.springframework.aop.framework.CglibAopProxy$CglibMethodInvocation.proceed(CglibAopProxy.java:763) ~[spring-aop-5.3.24.jar:5.3.24]
	at org.springframework.aop.interceptor.ExposeInvocationInterceptor.invoke(ExposeInvocationInterceptor.java:97) ~[spring-aop-5.3.24.jar:5.3.24]
	at org.springframework.aop.framework.ReflectiveMethodInvocation.proceed(ReflectiveMethodInvocation.java:186) ~[spring-aop-5.3.24.jar:5.3.24]
	at org.springframework.aop.framework.CglibAopProxy$CglibMethodInvocation.proceed(CglibAopProxy.java:763) ~[spring-aop-5.3.24.jar:5.3.24]
	at org.springframework.aop.framework.CglibAopProxy$DynamicAdvisedInterceptor.intercept(CglibAopProxy.java:708) ~[spring-aop-5.3.24.jar:5.3.24]
	at in.stackroute.userprofile.controller.UserController$$EnhancerBySpringCGLIB$$2f4d26e7.loginUser(<generated>) ~[classes/:na]
	at java.base/jdk.internal.reflect.NativeMethodAccessorImpl.invoke0(Native Method) ~[na:na]
	at java.base/jdk.internal.reflect.NativeMethodAccessorImpl.invoke(NativeMethodAccessorImpl.java:77) ~[na:na]
	at java.base/jdk.internal.reflect.DelegatingMethodAccessorImpl.invoke(DelegatingMethodAccessorImpl.java:43) ~[na:na]
	at java.base/java.lang.reflect.Method.invoke(Method.java:568) ~[na:na]
	at org.springframework.web.method.support.InvocableHandlerMethod.doInvoke(InvocableHandlerMethod.java:205) ~[spring-web-5.3.24.jar:5.3.24]
	at org.springframework.web.method.support.InvocableHandlerMethod.invokeForRequest(InvocableHandlerMethod.java:150) ~[spring-web-5.3.24.jar:5.3.24]
	at org.springframework.web.servlet.mvc.method.annotation.ServletInvocableHandlerMethod.invokeAndHandle(ServletInvocableHandlerMethod.java:117) ~[spring-webmvc-5.3.24.jar:5.3.24]
	at org.springframework.web.servlet.mvc.method.annotation.RequestMappingHandlerAdapter.invokeHandlerMethod(RequestMappingHandlerAdapter.java:895) ~[spring-webmvc-5.3.24.jar:5.3.24]
	at org.springframework.web.servlet.mvc.method.annotation.RequestMappingHandlerAdapter.handleInternal(RequestMappingHandlerAdapter.java:808) ~[spring-webmvc-5.3.24.jar:5.3.24]
	at org.springframework.web.servlet.mvc.method.AbstractHandlerMethodAdapter.handle(AbstractHandlerMethodAdapter.java:87) ~[spring-webmvc-5.3.24.jar:5.3.24]
	at org.springframework.web.servlet.DispatcherServlet.doDispatch(DispatcherServlet.java:1071) ~[spring-webmvc-5.3.24.jar:5.3.24]
	at org.springframework.web.servlet.DispatcherServlet.doService(DispatcherServlet.java:964) ~[spring-webmvc-5.3.24.jar:5.3.24]
	at org.springframework.web.servlet.FrameworkServlet.processRequest(FrameworkServlet.java:1006) ~[spring-webmvc-5.3.24.jar:5.3.24]
	at org.springframework.web.servlet.FrameworkServlet.doPost(FrameworkServlet.java:909) ~[spring-webmvc-5.3.24.jar:5.3.24]
	at javax.servlet.http.HttpServlet.service(HttpServlet.java:696) ~[tomcat-embed-core-9.0.70.jar:4.0.FR]
	at org.springframework.web.servlet.FrameworkServlet.service(FrameworkServlet.java:883) ~[spring-webmvc-5.3.24.jar:5.3.24]
	at javax.servlet.http.HttpServlet.service(HttpServlet.java:779) ~[tomcat-embed-core-9.0.70.jar:4.0.FR]
	at org.apache.catalina.core.ApplicationFilterChain.internalDoFilter(ApplicationFilterChain.java:227) ~[tomcat-embed-core-9.0.70.jar:9.0.70]
	at org.apache.catalina.core.ApplicationFilterChain.doFilter(ApplicationFilterChain.java:162) ~[tomcat-embed-core-9.0.70.jar:9.0.70]
	at org.apache.tomcat.websocket.server.WsFilter.doFilter(WsFilter.java:53) ~[tomcat-embed-websocket-9.0.70.jar:9.0.70]
	at org.apache.catalina.core.ApplicationFilterChain.internalDoFilter(ApplicationFilterChain.java:189) ~[tomcat-embed-core-9.0.70.jar:9.0.70]
	at org.apache.catalina.core.ApplicationFilterChain.doFilter(ApplicationFilterChain.java:162) ~[tomcat-embed-core-9.0.70.jar:9.0.70]
	at org.springframework.web.filter.CharacterEncodingFilter.doFilterInternal(CharacterEncodingFilter.java:201) ~[spring-web-5.3.24.jar:5.3.24]
	at org.springframework.web.filter.OncePerRequestFilter.doFilter(OncePerRequestFilter.java:117) ~[spring-web-5.3.24.jar:5.3.24]
	at org.apache.catalina.core.ApplicationFilterChain.internalDoFilter(ApplicationFilterChain.java:189) ~[tomcat-embed-core-9.0.70.jar:9.0.70]
	at org.apache.catalina.core.ApplicationFilterChain.doFilter(ApplicationFilterChain.java:162) ~[tomcat-embed-core-9.0.70.jar:9.0.70]
	at org.apache.catalina.core.StandardWrapperValve.invoke(StandardWrapperValve.java:177) ~[tomcat-embed-core-9.0.70.jar:9.0.70]
	at org.apache.catalina.core.StandardContextValve.invoke(StandardContextValve.java:97) ~[tomcat-embed-core-9.0.70.jar:9.0.70]
	at org.apache.catalina.authenticator.AuthenticatorBase.invoke(AuthenticatorBase.java:541) ~[tomcat-embed-core-9.0.70.jar:9.0.70]
	at org.apache.catalina.core.StandardHostValve.invoke(StandardHostValve.java:135) ~[tomcat-embed-core-9.0.70.jar:9.0.70]
	at org.apache.catalina.valves.ErrorReportValve.invoke(ErrorReportValve.java:92) ~[tomcat-embed-core-9.0.70.jar:9.0.70]
	at org.apache.catalina.core.StandardEngineValve.invoke(StandardEngineValve.java:78) ~[tomcat-embed-core-9.0.70.jar:9.0.70]
	at org.apache.catalina.connector.CoyoteAdapter.service(CoyoteAdapter.java:360) ~[tomcat-embed-core-9.0.70.jar:9.0.70]
	at org.apache.coyote.http11.Http11Processor.service(Http11Processor.java:399) ~[tomcat-embed-core-9.0.70.jar:9.0.70]
	at org.apache.coyote.AbstractProcessorLight.process(AbstractProcessorLight.java:65) ~[tomcat-embed-core-9.0.70.jar:9.0.70]
	at org.apache.coyote.AbstractProtocol$ConnectionHandler.process(AbstractProtocol.java:891) ~[tomcat-embed-core-9.0.70.jar:9.0.70]
	at org.apache.tomcat.util.net.NioEndpoint$SocketProcessor.doRun(NioEndpoint.java:1784) ~[tomcat-embed-core-9.0.70.jar:9.0.70]
	at org.apache.tomcat.util.net.SocketProcessorBase.run(SocketProcessorBase.java:49) ~[tomcat-embed-core-9.0.70.jar:9.0.70]
	at org.apache.tomcat.util.threads.ThreadPoolExecutor.runWorker(ThreadPoolExecutor.java:1191) ~[tomcat-embed-core-9.0.70.jar:9.0.70]
	at org.apache.tomcat.util.threads.ThreadPoolExecutor$Worker.run(ThreadPoolExecutor.java:659) ~[tomcat-embed-core-9.0.70.jar:9.0.70]
	at org.apache.tomcat.util.threads.TaskThread$WrappingRunnable.run(TaskThread.java:61) ~[tomcat-embed-core-9.0.70.jar:9.0.70]
	at java.base/java.lang.Thread.run(Thread.java:833) ~[na:na]

2023-01-14 15:29:42.395  INFO 12864 --- [http-nio-9001-exec-10] i.s.userprofile.aspect.LoggingAspect     : Inside the before advice
2023-01-14 15:29:42.396  INFO 12864 --- [http-nio-9001-exec-10] i.s.userprofile.aspect.LoggingAspect     : Target method is loginUser
2023-01-14 15:29:42.404  INFO 12864 --- [http-nio-9001-exec-10] i.s.userprofile.aspect.LoggingAspect     : Inside the After Throwing advice
2023-01-14 15:29:42.405  INFO 12864 --- [http-nio-9001-exec-10] i.s.userprofile.aspect.LoggingAspect     : Target method is authenticateUser
2023-01-14 15:29:42.405  INFO 12864 --- [http-nio-9001-exec-10] i.s.userprofile.aspect.LoggingAspect     : Exception thrown query did not return a unique result: 2; nested exception is javax.persistence.NonUniqueResultException: query did not return a unique result: 2
2023-01-14 15:29:42.407  INFO 12864 --- [http-nio-9001-exec-10] i.s.userprofile.aspect.LoggingAspect     : Inside the After advice
2023-01-14 15:29:42.407  INFO 12864 --- [http-nio-9001-exec-10] i.s.userprofile.aspect.LoggingAspect     : Target method is loginUser
2023-01-14 15:29:42.407  INFO 12864 --- [http-nio-9001-exec-10] i.s.userprofile.aspect.LoggingAspect     : loginUser completed execution
2023-01-14 15:29:42.539 ERROR 12864 --- [http-nio-9001-exec-10] o.a.c.c.C.[.[.[/].[dispatcherServlet]    : Servlet.service() for servlet [dispatcherServlet] in context with path [] threw exception [Request processing failed; nested exception is org.springframework.dao.IncorrectResultSizeDataAccessException: query did not return a unique result: 2; nested exception is javax.persistence.NonUniqueResultException: query did not return a unique result: 2] with root cause

javax.persistence.NonUniqueResultException: query did not return a unique result: 2
	at org.hibernate.internal.ExceptionConverterImpl.convert(ExceptionConverterImpl.java:128) ~[hibernate-core-5.6.14.Final.jar:5.6.14.Final]
	at org.hibernate.query.internal.AbstractProducedQuery.getSingleResult(AbstractProducedQuery.java:1672) ~[hibernate-core-5.6.14.Final.jar:5.6.14.Final]
	at org.springframework.data.jpa.repository.query.JpaQueryExecution$SingleEntityExecution.doExecute(JpaQueryExecution.java:198) ~[spring-data-jpa-2.7.6.jar:2.7.6]
	at org.springframework.data.jpa.repository.query.JpaQueryExecution.execute(JpaQueryExecution.java:90) ~[spring-data-jpa-2.7.6.jar:2.7.6]
	at org.springframework.data.jpa.repository.query.AbstractJpaQuery.doExecute(AbstractJpaQuery.java:156) ~[spring-data-jpa-2.7.6.jar:2.7.6]
	at org.springframework.data.jpa.repository.query.AbstractJpaQuery.execute(AbstractJpaQuery.java:144) ~[spring-data-jpa-2.7.6.jar:2.7.6]
	at org.springframework.data.repository.core.support.RepositoryMethodInvoker.doInvoke(RepositoryMethodInvoker.java:137) ~[spring-data-commons-2.7.6.jar:2.7.6]
	at org.springframework.data.repository.core.support.RepositoryMethodInvoker.invoke(RepositoryMethodInvoker.java:121) ~[spring-data-commons-2.7.6.jar:2.7.6]
	at org.springframework.data.repository.core.support.QueryExecutorMethodInterceptor.doInvoke(QueryExecutorMethodInterceptor.java:160) ~[spring-data-commons-2.7.6.jar:2.7.6]
	at org.springframework.data.repository.core.support.QueryExecutorMethodInterceptor.invoke(QueryExecutorMethodInterceptor.java:139) ~[spring-data-commons-2.7.6.jar:2.7.6]
	at org.springframework.aop.framework.ReflectiveMethodInvocation.proceed(ReflectiveMethodInvocation.java:186) ~[spring-aop-5.3.24.jar:5.3.24]
	at org.springframework.data.projection.DefaultMethodInvokingMethodInterceptor.invoke(DefaultMethodInvokingMethodInterceptor.java:81) ~[spring-data-commons-2.7.6.jar:2.7.6]
	at org.springframework.aop.framework.ReflectiveMethodInvocation.proceed(ReflectiveMethodInvocation.java:186) ~[spring-aop-5.3.24.jar:5.3.24]
	at org.springframework.transaction.interceptor.TransactionInterceptor$1.proceedWithInvocation(TransactionInterceptor.java:123) ~[spring-tx-5.3.24.jar:5.3.24]
	at org.springframework.transaction.interceptor.TransactionAspectSupport.invokeWithinTransaction(TransactionAspectSupport.java:388) ~[spring-tx-5.3.24.jar:5.3.24]
	at org.springframework.transaction.interceptor.TransactionInterceptor.invoke(TransactionInterceptor.java:119) ~[spring-tx-5.3.24.jar:5.3.24]
	at org.springframework.aop.framework.ReflectiveMethodInvocation.proceed(ReflectiveMethodInvocation.java:186) ~[spring-aop-5.3.24.jar:5.3.24]
	at org.springframework.dao.support.PersistenceExceptionTranslationInterceptor.invoke(PersistenceExceptionTranslationInterceptor.java:137) ~[spring-tx-5.3.24.jar:5.3.24]
	at org.springframework.aop.framework.ReflectiveMethodInvocation.proceed(ReflectiveMethodInvocation.java:186) ~[spring-aop-5.3.24.jar:5.3.24]
	at org.springframework.data.jpa.repository.support.CrudMethodMetadataPostProcessor$CrudMethodMetadataPopulatingMethodInterceptor.invoke(CrudMethodMetadataPostProcessor.java:145) ~[spring-data-jpa-2.7.6.jar:2.7.6]
	at org.springframework.aop.framework.ReflectiveMethodInvocation.proceed(ReflectiveMethodInvocation.java:186) ~[spring-aop-5.3.24.jar:5.3.24]
	at org.springframework.aop.interceptor.ExposeInvocationInterceptor.invoke(ExposeInvocationInterceptor.java:97) ~[spring-aop-5.3.24.jar:5.3.24]
	at org.springframework.aop.framework.ReflectiveMethodInvocation.proceed(ReflectiveMethodInvocation.java:186) ~[spring-aop-5.3.24.jar:5.3.24]
	at org.springframework.aop.framework.JdkDynamicAopProxy.invoke(JdkDynamicAopProxy.java:215) ~[spring-aop-5.3.24.jar:5.3.24]
	at jdk.proxy2/jdk.proxy2.$Proxy139.getUserByEmail(Unknown Source) ~[na:na]
	at in.stackroute.userprofile.service.UserServiceImpl.authenticateUser(UserServiceImpl.java:63) ~[classes/:na]
	at in.stackroute.userprofile.service.UserServiceImpl$$FastClassBySpringCGLIB$$ced2631d.invoke(<generated>) ~[classes/:na]
	at org.springframework.cglib.proxy.MethodProxy.invoke(MethodProxy.java:218) ~[spring-core-5.3.24.jar:5.3.24]
	at org.springframework.aop.framework.CglibAopProxy$CglibMethodInvocation.invokeJoinpoint(CglibAopProxy.java:793) ~[spring-aop-5.3.24.jar:5.3.24]
	at org.springframework.aop.framework.ReflectiveMethodInvocation.proceed(ReflectiveMethodInvocation.java:163) ~[spring-aop-5.3.24.jar:5.3.24]
	at org.springframework.aop.framework.CglibAopProxy$CglibMethodInvocation.proceed(CglibAopProxy.java:763) ~[spring-aop-5.3.24.jar:5.3.24]
	at org.springframework.aop.aspectj.AspectJAfterThrowingAdvice.invoke(AspectJAfterThrowingAdvice.java:64) ~[spring-aop-5.3.24.jar:5.3.24]
	at org.springframework.aop.framework.ReflectiveMethodInvocation.proceed(ReflectiveMethodInvocation.java:186) ~[spring-aop-5.3.24.jar:5.3.24]
	at org.springframework.aop.framework.CglibAopProxy$CglibMethodInvocation.proceed(CglibAopProxy.java:763) ~[spring-aop-5.3.24.jar:5.3.24]
	at org.springframework.aop.interceptor.ExposeInvocationInterceptor.invoke(ExposeInvocationInterceptor.java:97) ~[spring-aop-5.3.24.jar:5.3.24]
	at org.springframework.aop.framework.ReflectiveMethodInvocation.proceed(ReflectiveMethodInvocation.java:186) ~[spring-aop-5.3.24.jar:5.3.24]
	at org.springframework.aop.framework.CglibAopProxy$CglibMethodInvocation.proceed(CglibAopProxy.java:763) ~[spring-aop-5.3.24.jar:5.3.24]
	at org.springframework.aop.framework.CglibAopProxy$DynamicAdvisedInterceptor.intercept(CglibAopProxy.java:708) ~[spring-aop-5.3.24.jar:5.3.24]
	at in.stackroute.userprofile.service.UserServiceImpl$$EnhancerBySpringCGLIB$$b6ebd7a8.authenticateUser(<generated>) ~[classes/:na]
	at in.stackroute.userprofile.controller.UserController.loginUser(UserController.java:38) ~[classes/:na]
	at in.stackroute.userprofile.controller.UserController$$FastClassBySpringCGLIB$$550d245.invoke(<generated>) ~[classes/:na]
	at org.springframework.cglib.proxy.MethodProxy.invoke(MethodProxy.java:218) ~[spring-core-5.3.24.jar:5.3.24]
	at org.springframework.aop.framework.CglibAopProxy$CglibMethodInvocation.invokeJoinpoint(CglibAopProxy.java:793) ~[spring-aop-5.3.24.jar:5.3.24]
	at org.springframework.aop.framework.ReflectiveMethodInvocation.proceed(ReflectiveMethodInvocation.java:163) ~[spring-aop-5.3.24.jar:5.3.24]
	at org.springframework.aop.framework.CglibAopProxy$CglibMethodInvocation.proceed(CglibAopProxy.java:763) ~[spring-aop-5.3.24.jar:5.3.24]
	at org.springframework.aop.framework.adapter.AfterReturningAdviceInterceptor.invoke(AfterReturningAdviceInterceptor.java:57) ~[spring-aop-5.3.24.jar:5.3.24]
	at org.springframework.aop.framework.ReflectiveMethodInvocation.proceed(ReflectiveMethodInvocation.java:186) ~[spring-aop-5.3.24.jar:5.3.24]
	at org.springframework.aop.framework.CglibAopProxy$CglibMethodInvocation.proceed(CglibAopProxy.java:763) ~[spring-aop-5.3.24.jar:5.3.24]
	at org.springframework.aop.aspectj.AspectJAfterAdvice.invoke(AspectJAfterAdvice.java:49) ~[spring-aop-5.3.24.jar:5.3.24]
	at org.springframework.aop.framework.ReflectiveMethodInvocation.proceed(ReflectiveMethodInvocation.java:186) ~[spring-aop-5.3.24.jar:5.3.24]
	at org.springframework.aop.framework.CglibAopProxy$CglibMethodInvocation.proceed(CglibAopProxy.java:763) ~[spring-aop-5.3.24.jar:5.3.24]
	at org.springframework.aop.framework.adapter.MethodBeforeAdviceInterceptor.invoke(MethodBeforeAdviceInterceptor.java:58) ~[spring-aop-5.3.24.jar:5.3.24]
	at org.springframework.aop.framework.ReflectiveMethodInvocation.proceed(ReflectiveMethodInvocation.java:186) ~[spring-aop-5.3.24.jar:5.3.24]
	at org.springframework.aop.framework.CglibAopProxy$CglibMethodInvocation.proceed(CglibAopProxy.java:763) ~[spring-aop-5.3.24.jar:5.3.24]
	at org.springframework.aop.interceptor.ExposeInvocationInterceptor.invoke(ExposeInvocationInterceptor.java:97) ~[spring-aop-5.3.24.jar:5.3.24]
	at org.springframework.aop.framework.ReflectiveMethodInvocation.proceed(ReflectiveMethodInvocation.java:186) ~[spring-aop-5.3.24.jar:5.3.24]
	at org.springframework.aop.framework.CglibAopProxy$CglibMethodInvocation.proceed(CglibAopProxy.java:763) ~[spring-aop-5.3.24.jar:5.3.24]
	at org.springframework.aop.framework.CglibAopProxy$DynamicAdvisedInterceptor.intercept(CglibAopProxy.java:708) ~[spring-aop-5.3.24.jar:5.3.24]
	at in.stackroute.userprofile.controller.UserController$$EnhancerBySpringCGLIB$$2f4d26e7.loginUser(<generated>) ~[classes/:na]
	at java.base/jdk.internal.reflect.NativeMethodAccessorImpl.invoke0(Native Method) ~[na:na]
	at java.base/jdk.internal.reflect.NativeMethodAccessorImpl.invoke(NativeMethodAccessorImpl.java:77) ~[na:na]
	at java.base/jdk.internal.reflect.DelegatingMethodAccessorImpl.invoke(DelegatingMethodAccessorImpl.java:43) ~[na:na]
	at java.base/java.lang.reflect.Method.invoke(Method.java:568) ~[na:na]
	at org.springframework.web.method.support.InvocableHandlerMethod.doInvoke(InvocableHandlerMethod.java:205) ~[spring-web-5.3.24.jar:5.3.24]
	at org.springframework.web.method.support.InvocableHandlerMethod.invokeForRequest(InvocableHandlerMethod.java:150) ~[spring-web-5.3.24.jar:5.3.24]
	at org.springframework.web.servlet.mvc.method.annotation.ServletInvocableHandlerMethod.invokeAndHandle(ServletInvocableHandlerMethod.java:117) ~[spring-webmvc-5.3.24.jar:5.3.24]
	at org.springframework.web.servlet.mvc.method.annotation.RequestMappingHandlerAdapter.invokeHandlerMethod(RequestMappingHandlerAdapter.java:895) ~[spring-webmvc-5.3.24.jar:5.3.24]
	at org.springframework.web.servlet.mvc.method.annotation.RequestMappingHandlerAdapter.handleInternal(RequestMappingHandlerAdapter.java:808) ~[spring-webmvc-5.3.24.jar:5.3.24]
	at org.springframework.web.servlet.mvc.method.AbstractHandlerMethodAdapter.handle(AbstractHandlerMethodAdapter.java:87) ~[spring-webmvc-5.3.24.jar:5.3.24]
	at org.springframework.web.servlet.DispatcherServlet.doDispatch(DispatcherServlet.java:1071) ~[spring-webmvc-5.3.24.jar:5.3.24]
	at org.springframework.web.servlet.DispatcherServlet.doService(DispatcherServlet.java:964) ~[spring-webmvc-5.3.24.jar:5.3.24]
	at org.springframework.web.servlet.FrameworkServlet.processRequest(FrameworkServlet.java:1006) ~[spring-webmvc-5.3.24.jar:5.3.24]
	at org.springframework.web.servlet.FrameworkServlet.doPost(FrameworkServlet.java:909) ~[spring-webmvc-5.3.24.jar:5.3.24]
	at javax.servlet.http.HttpServlet.service(HttpServlet.java:696) ~[tomcat-embed-core-9.0.70.jar:4.0.FR]
	at org.springframework.web.servlet.FrameworkServlet.service(FrameworkServlet.java:883) ~[spring-webmvc-5.3.24.jar:5.3.24]
	at javax.servlet.http.HttpServlet.service(HttpServlet.java:779) ~[tomcat-embed-core-9.0.70.jar:4.0.FR]
	at org.apache.catalina.core.ApplicationFilterChain.internalDoFilter(ApplicationFilterChain.java:227) ~[tomcat-embed-core-9.0.70.jar:9.0.70]
	at org.apache.catalina.core.ApplicationFilterChain.doFilter(ApplicationFilterChain.java:162) ~[tomcat-embed-core-9.0.70.jar:9.0.70]
	at org.apache.tomcat.websocket.server.WsFilter.doFilter(WsFilter.java:53) ~[tomcat-embed-websocket-9.0.70.jar:9.0.70]
	at org.apache.catalina.core.ApplicationFilterChain.internalDoFilter(ApplicationFilterChain.java:189) ~[tomcat-embed-core-9.0.70.jar:9.0.70]
	at org.apache.catalina.core.ApplicationFilterChain.doFilter(ApplicationFilterChain.java:162) ~[tomcat-embed-core-9.0.70.jar:9.0.70]
	at org.springframework.web.filter.CharacterEncodingFilter.doFilterInternal(CharacterEncodingFilter.java:201) ~[spring-web-5.3.24.jar:5.3.24]
	at org.springframework.web.filter.OncePerRequestFilter.doFilter(OncePerRequestFilter.java:117) ~[spring-web-5.3.24.jar:5.3.24]
	at org.apache.catalina.core.ApplicationFilterChain.internalDoFilter(ApplicationFilterChain.java:189) ~[tomcat-embed-core-9.0.70.jar:9.0.70]
	at org.apache.catalina.core.ApplicationFilterChain.doFilter(ApplicationFilterChain.java:162) ~[tomcat-embed-core-9.0.70.jar:9.0.70]
	at org.apache.catalina.core.StandardWrapperValve.invoke(StandardWrapperValve.java:177) ~[tomcat-embed-core-9.0.70.jar:9.0.70]
	at org.apache.catalina.core.StandardContextValve.invoke(StandardContextValve.java:97) ~[tomcat-embed-core-9.0.70.jar:9.0.70]
	at org.apache.catalina.authenticator.AuthenticatorBase.invoke(AuthenticatorBase.java:541) ~[tomcat-embed-core-9.0.70.jar:9.0.70]
	at org.apache.catalina.core.StandardHostValve.invoke(StandardHostValve.java:135) ~[tomcat-embed-core-9.0.70.jar:9.0.70]
	at org.apache.catalina.valves.ErrorReportValve.invoke(ErrorReportValve.java:92) ~[tomcat-embed-core-9.0.70.jar:9.0.70]
	at org.apache.catalina.core.StandardEngineValve.invoke(StandardEngineValve.java:78) ~[tomcat-embed-core-9.0.70.jar:9.0.70]
	at org.apache.catalina.connector.CoyoteAdapter.service(CoyoteAdapter.java:360) ~[tomcat-embed-core-9.0.70.jar:9.0.70]
	at org.apache.coyote.http11.Http11Processor.service(Http11Processor.java:399) ~[tomcat-embed-core-9.0.70.jar:9.0.70]
	at org.apache.coyote.AbstractProcessorLight.process(AbstractProcessorLight.java:65) ~[tomcat-embed-core-9.0.70.jar:9.0.70]
	at org.apache.coyote.AbstractProtocol$ConnectionHandler.process(AbstractProtocol.java:891) ~[tomcat-embed-core-9.0.70.jar:9.0.70]
	at org.apache.tomcat.util.net.NioEndpoint$SocketProcessor.doRun(NioEndpoint.java:1784) ~[tomcat-embed-core-9.0.70.jar:9.0.70]
	at org.apache.tomcat.util.net.SocketProcessorBase.run(SocketProcessorBase.java:49) ~[tomcat-embed-core-9.0.70.jar:9.0.70]
	at org.apache.tomcat.util.threads.ThreadPoolExecutor.runWorker(ThreadPoolExecutor.java:1191) ~[tomcat-embed-core-9.0.70.jar:9.0.70]
	at org.apache.tomcat.util.threads.ThreadPoolExecutor$Worker.run(ThreadPoolExecutor.java:659) ~[tomcat-embed-core-9.0.70.jar:9.0.70]
	at org.apache.tomcat.util.threads.TaskThread$WrappingRunnable.run(TaskThread.java:61) ~[tomcat-embed-core-9.0.70.jar:9.0.70]
	at java.base/java.lang.Thread.run(Thread.java:833) ~[na:na]

2023-01-14 15:30:35.126  INFO 12864 --- [http-nio-9001-exec-9] i.s.userprofile.aspect.LoggingAspect     : Inside the before advice
2023-01-14 15:30:35.128  INFO 12864 --- [http-nio-9001-exec-9] i.s.userprofile.aspect.LoggingAspect     : Target method is registerUser
2023-01-14 15:30:35.236  INFO 12864 --- [http-nio-9001-exec-9] i.s.userprofile.aspect.LoggingAspect     : Inside the After Throwing advice
2023-01-14 15:30:35.236  INFO 12864 --- [http-nio-9001-exec-9] i.s.userprofile.aspect.LoggingAspect     : Target method is registerUser
2023-01-14 15:30:35.237  INFO 12864 --- [http-nio-9001-exec-9] i.s.userprofile.aspect.LoggingAspect     : Exception thrown User with the email already Exists
2023-01-14 15:30:35.237  INFO 12864 --- [http-nio-9001-exec-9] i.s.userprofile.aspect.LoggingAspect     : Inside the After advice
2023-01-14 15:30:35.237  INFO 12864 --- [http-nio-9001-exec-9] i.s.userprofile.aspect.LoggingAspect     : Target method is registerUser
2023-01-14 15:30:35.237  INFO 12864 --- [http-nio-9001-exec-9] i.s.userprofile.aspect.LoggingAspect     : registerUser completed execution
2023-01-14 15:31:14.746  INFO 12864 --- [http-nio-9001-exec-1] i.s.userprofile.aspect.LoggingAspect     : Inside the before advice
2023-01-14 15:31:14.746  INFO 12864 --- [http-nio-9001-exec-1] i.s.userprofile.aspect.LoggingAspect     : Target method is registerUser
2023-01-14 15:31:15.160  INFO 12864 --- [http-nio-9001-exec-1] i.s.userprofile.aspect.LoggingAspect     : Inside the After Returning advice
2023-01-14 15:31:15.161  INFO 12864 --- [http-nio-9001-exec-1] i.s.userprofile.aspect.LoggingAspect     : Target method is registerUser
2023-01-14 15:31:15.162  INFO 12864 --- [http-nio-9001-exec-1] i.s.userprofile.aspect.LoggingAspect     : Returned value is <201 CREATED Created,in.stackroute.userprofile.model.User@62a5f715,[]>
2023-01-14 15:31:15.162  INFO 12864 --- [http-nio-9001-exec-1] i.s.userprofile.aspect.LoggingAspect     : Inside the After advice
2023-01-14 15:31:15.163  INFO 12864 --- [http-nio-9001-exec-1] i.s.userprofile.aspect.LoggingAspect     : Target method is registerUser
2023-01-14 15:31:15.163  INFO 12864 --- [http-nio-9001-exec-1] i.s.userprofile.aspect.LoggingAspect     : registerUser completed execution
2023-01-14 15:31:31.905  INFO 12864 --- [http-nio-9001-exec-2] i.s.userprofile.aspect.LoggingAspect     : Inside the before advice
2023-01-14 15:31:31.906  INFO 12864 --- [http-nio-9001-exec-2] i.s.userprofile.aspect.LoggingAspect     : Target method is loginUser
2023-01-14 15:31:32.137  INFO 12864 --- [http-nio-9001-exec-2] i.s.userprofile.aspect.LoggingAspect     : Inside the After Throwing advice
2023-01-14 15:31:32.137  INFO 12864 --- [http-nio-9001-exec-2] i.s.userprofile.aspect.LoggingAspect     : Target method is authenticateUser
2023-01-14 15:31:32.137  INFO 12864 --- [http-nio-9001-exec-2] i.s.userprofile.aspect.LoggingAspect     : Exception thrown InValid credentials
2023-01-14 15:31:32.138  INFO 12864 --- [http-nio-9001-exec-2] i.s.userprofile.aspect.LoggingAspect     : Inside the After advice
2023-01-14 15:31:32.138  INFO 12864 --- [http-nio-9001-exec-2] i.s.userprofile.aspect.LoggingAspect     : Target method is loginUser
2023-01-14 15:31:32.138  INFO 12864 --- [http-nio-9001-exec-2] i.s.userprofile.aspect.LoggingAspect     : loginUser completed execution
2023-01-14 15:31:37.914  INFO 12864 --- [http-nio-9001-exec-4] i.s.userprofile.aspect.LoggingAspect     : Inside the before advice
2023-01-14 15:31:37.914  INFO 12864 --- [http-nio-9001-exec-4] i.s.userprofile.aspect.LoggingAspect     : Target method is loginUser
2023-01-14 15:31:40.402  INFO 12864 --- [http-nio-9001-exec-4] i.s.userprofile.aspect.LoggingAspect     : Inside the After Returning advice
2023-01-14 15:31:40.404  INFO 12864 --- [http-nio-9001-exec-4] i.s.userprofile.aspect.LoggingAspect     : Target method is loginUser
2023-01-14 15:31:40.404  INFO 12864 --- [http-nio-9001-exec-4] i.s.userprofile.aspect.LoggingAspect     : Returned value is <200 OK OK,{email=ponting@gmail.com, jwt_token=eyJhbGciOiJIUzUxMiJ9.eyJleHAiOjE2NzM2OTc2OTgsImlhdCI6MTY3MzY5MDQ5OCwic3ViIjoicG9udGluZ0BnbWFpbC5jb20iLCJpc3MiOiJpbi5zdGFja3JvdXRlIn0.9Nxl6rWkw3bJzZAvlMKc0omBN-j68wcptQdjMTkx4pWpHE_EW29azm08-dwH2-1Dp2mLMtMSx2jq_0twHc2BfA, status=200},[]>
2023-01-14 15:31:40.404  INFO 12864 --- [http-nio-9001-exec-4] i.s.userprofile.aspect.LoggingAspect     : Inside the After advice
2023-01-14 15:31:40.404  INFO 12864 --- [http-nio-9001-exec-4] i.s.userprofile.aspect.LoggingAspect     : Target method is loginUser
2023-01-14 15:31:40.404  INFO 12864 --- [http-nio-9001-exec-4] i.s.userprofile.aspect.LoggingAspect     : loginUser completed execution
2023-01-14 15:31:53.353  INFO 12864 --- [AsyncResolver-bootstrap-executor-0] c.n.d.s.r.aws.ConfigClusterResolver      : Resolving eureka endpoints via configuration
2023-01-14 15:32:30.784  WARN 12864 --- [http-nio-9001-exec-3] .w.s.m.s.DefaultHandlerExceptionResolver : Resolved [org.springframework.web.HttpRequestMethodNotSupportedException: Request method 'GET' not supported]
2023-01-14 15:33:34.023  INFO 12864 --- [SpringApplicationShutdownHook] o.s.c.n.e.s.EurekaServiceRegistry        : Unregistering application USER-PROFILE-SERVICE with eureka with status DOWN
2023-01-14 15:33:34.024  INFO 12864 --- [SpringApplicationShutdownHook] com.netflix.discovery.DiscoveryClient    : Saw local status change event StatusChangeEvent [timestamp=1673690614024, current=DOWN, previous=UP]
2023-01-14 15:33:34.024  INFO 12864 --- [DiscoveryClient-InstanceInfoReplicator-0] com.netflix.discovery.DiscoveryClient    : DiscoveryClient_USER-PROFILE-SERVICE/host.docker.internal:user-profile-service:9001: registering service...
2023-01-14 15:33:34.470  INFO 12864 --- [DiscoveryClient-InstanceInfoReplicator-0] com.netflix.discovery.DiscoveryClient    : DiscoveryClient_USER-PROFILE-SERVICE/host.docker.internal:user-profile-service:9001 - registration status: 204
2023-01-14 15:33:34.653  INFO 12864 --- [SpringApplicationShutdownHook] j.LocalContainerEntityManagerFactoryBean : Closing JPA EntityManagerFactory for persistence unit 'default'
2023-01-14 15:33:35.000  INFO 12864 --- [SpringApplicationShutdownHook] com.zaxxer.hikari.HikariDataSource       : HikariPool-1 - Shutdown initiated...
2023-01-14 15:33:36.100  INFO 12864 --- [SpringApplicationShutdownHook] com.zaxxer.hikari.HikariDataSource       : HikariPool-1 - Shutdown completed.
2023-01-14 15:33:36.152  INFO 12864 --- [SpringApplicationShutdownHook] com.netflix.discovery.DiscoveryClient    : Shutting down DiscoveryClient ...
2023-01-14 15:33:39.162  INFO 12864 --- [SpringApplicationShutdownHook] com.netflix.discovery.DiscoveryClient    : Unregistering ...
2023-01-14 15:33:39.284  INFO 12864 --- [SpringApplicationShutdownHook] com.netflix.discovery.DiscoveryClient    : DiscoveryClient_USER-PROFILE-SERVICE/host.docker.internal:user-profile-service:9001 - deregister  status: 200
2023-01-14 15:33:39.291  INFO 12864 --- [SpringApplicationShutdownHook] com.netflix.discovery.DiscoveryClient    : Completed shut down of DiscoveryClient
2023-01-14 15:34:01.267  INFO 15936 --- [main] i.s.userprofile.UserprofileApplication   : Starting UserprofileApplication using Java 17.0.5 on LAPTOP-0JDK5SNE with PID 15936 (C:\natwest\Hackathon\mock-springboot-hackathon\contactapi\userprofile\target\classes started by Admin in C:\natwest\Hackathon\mock-springboot-hackathon\contactapi)
2023-01-14 15:34:01.270 DEBUG 15936 --- [main] i.s.userprofile.UserprofileApplication   : Running with Spring Boot v2.7.8-SNAPSHOT, Spring v5.3.24
2023-01-14 15:34:01.272  INFO 15936 --- [main] i.s.userprofile.UserprofileApplication   : No active profile set, falling back to 1 default profile: "default"
2023-01-14 15:34:04.477  INFO 15936 --- [main] .s.d.r.c.RepositoryConfigurationDelegate : Bootstrapping Spring Data JPA repositories in DEFAULT mode.
2023-01-14 15:34:05.180  INFO 15936 --- [main] .s.d.r.c.RepositoryConfigurationDelegate : Finished Spring Data repository scanning in 685 ms. Found 1 JPA repository interfaces.
2023-01-14 15:34:05.606  INFO 15936 --- [main] o.s.cloud.context.scope.GenericScope     : BeanFactory id=0ee9a9ba-5df5-3f0f-a612-7660b716ec34
2023-01-14 15:34:07.436  INFO 15936 --- [main] o.s.b.w.embedded.tomcat.TomcatWebServer  : Tomcat initialized with port(s): 9001 (http)
2023-01-14 15:34:07.437  INFO 15936 --- [main] o.a.catalina.core.AprLifecycleListener   : Loaded Apache Tomcat Native library [1.2.35] using APR version [1.7.0].
2023-01-14 15:34:07.437  INFO 15936 --- [main] o.a.catalina.core.AprLifecycleListener   : APR capabilities: IPv6 [true], sendfile [true], accept filters [false], random [true], UDS [true].
2023-01-14 15:34:07.437  INFO 15936 --- [main] o.a.catalina.core.AprLifecycleListener   : APR/OpenSSL configuration: useAprConnector [false], useOpenSSL [true]
2023-01-14 15:34:07.441  INFO 15936 --- [main] o.a.catalina.core.AprLifecycleListener   : OpenSSL successfully initialized [OpenSSL 1.1.1q  5 Jul 2022]
2023-01-14 15:34:07.477  INFO 15936 --- [main] o.apache.catalina.core.StandardService   : Starting service [Tomcat]
2023-01-14 15:34:07.478  INFO 15936 --- [main] org.apache.catalina.core.StandardEngine  : Starting Servlet engine: [Apache Tomcat/9.0.70]
2023-01-14 15:34:07.671  INFO 15936 --- [main] o.a.c.c.C.[Tomcat].[localhost].[/]       : Initializing Spring embedded WebApplicationContext
2023-01-14 15:34:07.671  INFO 15936 --- [main] w.s.c.ServletWebServerApplicationContext : Root WebApplicationContext: initialization completed in 6280 ms
2023-01-14 15:34:08.245  INFO 15936 --- [main] o.hibernate.jpa.internal.util.LogHelper  : HHH000204: Processing PersistenceUnitInfo [name: default]
2023-01-14 15:34:08.382  INFO 15936 --- [main] org.hibernate.Version                    : HHH000412: Hibernate ORM core version 5.6.14.Final
2023-01-14 15:34:08.941  INFO 15936 --- [main] o.hibernate.annotations.common.Version   : HCANN000001: Hibernate Commons Annotations {5.1.2.Final}
2023-01-14 15:34:09.095  INFO 15936 --- [main] com.zaxxer.hikari.HikariDataSource       : HikariPool-1 - Starting...
2023-01-14 15:34:10.461  INFO 15936 --- [main] com.zaxxer.hikari.HikariDataSource       : HikariPool-1 - Start completed.
2023-01-14 15:34:10.493  INFO 15936 --- [main] org.hibernate.dialect.Dialect            : HHH000400: Using dialect: org.hibernate.dialect.MySQL8Dialect
2023-01-14 15:34:12.084  INFO 15936 --- [main] o.h.e.t.j.p.i.JtaPlatformInitiator       : HHH000490: Using JtaPlatform implementation: [org.hibernate.engine.transaction.jta.platform.internal.NoJtaPlatform]
2023-01-14 15:34:12.091  INFO 15936 --- [main] j.LocalContainerEntityManagerFactoryBean : Initialized JPA EntityManagerFactory for persistence unit 'default'
2023-01-14 15:34:12.192  WARN 15936 --- [main] JpaBaseConfiguration$JpaWebConfiguration : spring.jpa.open-in-view is enabled by default. Therefore, database queries may be performed during view rendering. Explicitly configure spring.jpa.open-in-view to disable this warning
2023-01-14 15:34:12.293  INFO 15936 --- [main] o.s.c.openfeign.FeignClientFactoryBean   : For 'contacts-service' URL not provided. Will try picking an instance via load-balancing.
2023-01-14 15:34:14.336  INFO 15936 --- [main] DiscoveryClientOptionalArgsConfiguration : Eureka HTTP Client uses RestTemplate.
2023-01-14 15:34:14.751  WARN 15936 --- [main] iguration$LoadBalancerCaffeineWarnLogger : Spring Cloud LoadBalancer is currently working with the default cache. While this cache implementation is useful for development and tests, it's recommended to use Caffeine cache in production.You can switch to using Caffeine cache, by adding it and org.springframework.cache.caffeine.CaffeineCacheManager to the classpath.
2023-01-14 15:34:14.820  INFO 15936 --- [main] o.s.c.n.eureka.InstanceInfoFactory       : Setting initial instance status as: STARTING
2023-01-14 15:34:15.164  INFO 15936 --- [main] com.netflix.discovery.DiscoveryClient    : Initializing Eureka in region us-east-1
2023-01-14 15:34:15.177  INFO 15936 --- [main] c.n.d.s.r.aws.ConfigClusterResolver      : Resolving eureka endpoints via configuration
2023-01-14 15:34:15.203  INFO 15936 --- [main] com.netflix.discovery.DiscoveryClient    : Disable delta property : false
2023-01-14 15:34:15.204  INFO 15936 --- [main] com.netflix.discovery.DiscoveryClient    : Single vip registry refresh property : null
2023-01-14 15:34:15.204  INFO 15936 --- [main] com.netflix.discovery.DiscoveryClient    : Force full registry fetch : false
2023-01-14 15:34:15.204  INFO 15936 --- [main] com.netflix.discovery.DiscoveryClient    : Application is null : false
2023-01-14 15:34:15.205  INFO 15936 --- [main] com.netflix.discovery.DiscoveryClient    : Registered Applications size is zero : true
2023-01-14 15:34:15.205  INFO 15936 --- [main] com.netflix.discovery.DiscoveryClient    : Application version is -1: true
2023-01-14 15:34:15.205  INFO 15936 --- [main] com.netflix.discovery.DiscoveryClient    : Getting all instance registry info from the eureka server
2023-01-14 15:34:15.807  INFO 15936 --- [main] com.netflix.discovery.DiscoveryClient    : The response status is 200
2023-01-14 15:34:15.820  INFO 15936 --- [main] com.netflix.discovery.DiscoveryClient    : Starting heartbeat executor: renew interval is: 30
2023-01-14 15:34:15.824  INFO 15936 --- [main] c.n.discovery.InstanceInfoReplicator     : InstanceInfoReplicator onDemand update allowed rate per min is 4
2023-01-14 15:34:15.839  INFO 15936 --- [main] com.netflix.discovery.DiscoveryClient    : Discovery Client initialized at timestamp 1673690655828 with initial instances count: 1
2023-01-14 15:34:15.841  INFO 15936 --- [main] o.s.c.n.e.s.EurekaServiceRegistry        : Registering application USER-PROFILE-SERVICE with eureka with status UP
2023-01-14 15:34:15.842  INFO 15936 --- [main] com.netflix.discovery.DiscoveryClient    : Saw local status change event StatusChangeEvent [timestamp=1673690655842, current=UP, previous=STARTING]
2023-01-14 15:34:15.844  INFO 15936 --- [DiscoveryClient-InstanceInfoReplicator-0] com.netflix.discovery.DiscoveryClient    : DiscoveryClient_USER-PROFILE-SERVICE/host.docker.internal:user-profile-service:9001: registering service...
2023-01-14 15:34:15.876  INFO 15936 --- [main] o.s.b.w.embedded.tomcat.TomcatWebServer  : Tomcat started on port(s): 9001 (http) with context path ''
2023-01-14 15:34:15.880  INFO 15936 --- [main] .s.c.n.e.s.EurekaAutoServiceRegistration : Updating port to 9001
2023-01-14 15:34:15.911  INFO 15936 --- [DiscoveryClient-InstanceInfoReplicator-0] com.netflix.discovery.DiscoveryClient    : DiscoveryClient_USER-PROFILE-SERVICE/host.docker.internal:user-profile-service:9001 - registration status: 204
2023-01-14 15:34:16.235  INFO 15936 --- [main] i.s.userprofile.UserprofileApplication   : Started UserprofileApplication in 16.822 seconds (JVM running for 18.541)
2023-01-14 15:39:15.217  INFO 15936 --- [AsyncResolver-bootstrap-executor-0] c.n.d.s.r.aws.ConfigClusterResolver      : Resolving eureka endpoints via configuration
2023-01-14 15:40:34.324  INFO 15936 --- [http-nio-9001-exec-1] o.a.c.c.C.[Tomcat].[localhost].[/]       : Initializing Spring DispatcherServlet 'dispatcherServlet'
2023-01-14 15:40:34.325  INFO 15936 --- [http-nio-9001-exec-1] o.s.web.servlet.DispatcherServlet        : Initializing Servlet 'dispatcherServlet'
2023-01-14 15:40:34.328  INFO 15936 --- [http-nio-9001-exec-1] o.s.web.servlet.DispatcherServlet        : Completed initialization in 2 ms
2023-01-14 15:40:34.481  INFO 15936 --- [http-nio-9001-exec-1] i.s.userprofile.aspect.LoggingAspect     : Inside the before advice
2023-01-14 15:40:34.482  INFO 15936 --- [http-nio-9001-exec-1] i.s.userprofile.aspect.LoggingAspect     : Target method is loginUser
2023-01-14 15:40:35.659  INFO 15936 --- [http-nio-9001-exec-1] i.s.userprofile.aspect.LoggingAspect     : Inside the After Returning advice
2023-01-14 15:40:35.660  INFO 15936 --- [http-nio-9001-exec-1] i.s.userprofile.aspect.LoggingAspect     : Target method is loginUser
2023-01-14 15:40:35.662  INFO 15936 --- [http-nio-9001-exec-1] i.s.userprofile.aspect.LoggingAspect     : Returned value is <200 OK OK,{status=200, jwt_token=eyJhbGciOiJIUzUxMiJ9.eyJleHAiOjE2NzM2OTgyMzQsImlhdCI6MTY3MzY5MTAzNCwic3ViIjoicG9udGluZ0BnbWFpbC5jb20iLCJpc3MiOiJpbi5zdGFja3JvdXRlIn0.TZ943S0QwGkJq7iPned34jS5XcMHlY0Ied6XCeXsgbk7J-CXV1aM_jwS-ErTz57qpFnnW_ae_26-moe4mHRiDQ, email=ponting@gmail.com},[]>
2023-01-14 15:40:35.662  INFO 15936 --- [http-nio-9001-exec-1] i.s.userprofile.aspect.LoggingAspect     : Inside the After advice
2023-01-14 15:40:35.662  INFO 15936 --- [http-nio-9001-exec-1] i.s.userprofile.aspect.LoggingAspect     : Target method is loginUser
2023-01-14 15:40:35.662  INFO 15936 --- [http-nio-9001-exec-1] i.s.userprofile.aspect.LoggingAspect     : loginUser completed execution
2023-01-14 15:40:54.150  WARN 15936 --- [http-nio-9001-exec-2] .w.s.m.s.DefaultHandlerExceptionResolver : Resolved [org.springframework.web.HttpRequestMethodNotSupportedException: Request method 'POST' not supported]
2023-01-14 15:41:32.450  WARN 15936 --- [http-nio-9001-exec-3] .w.s.m.s.DefaultHandlerExceptionResolver : Resolved [org.springframework.web.HttpRequestMethodNotSupportedException: Request method 'POST' not supported]
2023-01-14 15:42:15.274  INFO 15936 --- [SpringApplicationShutdownHook] o.s.c.n.e.s.EurekaServiceRegistry        : Unregistering application USER-PROFILE-SERVICE with eureka with status DOWN
2023-01-14 15:42:15.275  INFO 15936 --- [SpringApplicationShutdownHook] com.netflix.discovery.DiscoveryClient    : Saw local status change event StatusChangeEvent [timestamp=1673691135275, current=DOWN, previous=UP]
2023-01-14 15:42:15.275  INFO 15936 --- [DiscoveryClient-InstanceInfoReplicator-0] com.netflix.discovery.DiscoveryClient    : DiscoveryClient_USER-PROFILE-SERVICE/host.docker.internal:user-profile-service:9001: registering service...
2023-01-14 15:42:15.287  INFO 15936 --- [DiscoveryClient-InstanceInfoReplicator-0] com.netflix.discovery.DiscoveryClient    : DiscoveryClient_USER-PROFILE-SERVICE/host.docker.internal:user-profile-service:9001 - registration status: 204
2023-01-14 15:42:15.462  INFO 15936 --- [SpringApplicationShutdownHook] j.LocalContainerEntityManagerFactoryBean : Closing JPA EntityManagerFactory for persistence unit 'default'
2023-01-14 15:42:15.509  INFO 15936 --- [SpringApplicationShutdownHook] com.zaxxer.hikari.HikariDataSource       : HikariPool-1 - Shutdown initiated...
2023-01-14 15:42:15.575  INFO 15936 --- [SpringApplicationShutdownHook] com.zaxxer.hikari.HikariDataSource       : HikariPool-1 - Shutdown completed.
2023-01-14 15:42:15.575  INFO 15936 --- [SpringApplicationShutdownHook] com.netflix.discovery.DiscoveryClient    : Shutting down DiscoveryClient ...
2023-01-14 15:42:18.582  WARN 15936 --- [DiscoveryClient-0] c.netflix.discovery.TimedSupervisorTask  : task supervisor shutting down, can't accept the task
2023-01-14 15:42:18.586  INFO 15936 --- [SpringApplicationShutdownHook] com.netflix.discovery.DiscoveryClient    : Unregistering ...
2023-01-14 15:42:18.593  INFO 15936 --- [SpringApplicationShutdownHook] com.netflix.discovery.DiscoveryClient    : DiscoveryClient_USER-PROFILE-SERVICE/host.docker.internal:user-profile-service:9001 - deregister  status: 200
2023-01-14 15:42:18.598  INFO 15936 --- [SpringApplicationShutdownHook] com.netflix.discovery.DiscoveryClient    : Completed shut down of DiscoveryClient
2023-01-14 15:42:28.047  INFO 17544 --- [main] i.s.userprofile.UserprofileApplication   : Starting UserprofileApplication using Java 17.0.5 on LAPTOP-0JDK5SNE with PID 17544 (C:\natwest\Hackathon\mock-springboot-hackathon\contactapi\userprofile\target\classes started by Admin in C:\natwest\Hackathon\mock-springboot-hackathon\contactapi)
2023-01-14 15:42:28.050 DEBUG 17544 --- [main] i.s.userprofile.UserprofileApplication   : Running with Spring Boot v2.7.8-SNAPSHOT, Spring v5.3.24
2023-01-14 15:42:28.050  INFO 17544 --- [main] i.s.userprofile.UserprofileApplication   : No active profile set, falling back to 1 default profile: "default"
2023-01-14 15:42:29.684  INFO 17544 --- [main] .s.d.r.c.RepositoryConfigurationDelegate : Bootstrapping Spring Data JPA repositories in DEFAULT mode.
2023-01-14 15:42:29.915  INFO 17544 --- [main] .s.d.r.c.RepositoryConfigurationDelegate : Finished Spring Data repository scanning in 220 ms. Found 1 JPA repository interfaces.
2023-01-14 15:42:30.250  INFO 17544 --- [main] o.s.cloud.context.scope.GenericScope     : BeanFactory id=0ee9a9ba-5df5-3f0f-a612-7660b716ec34
2023-01-14 15:42:31.278  INFO 17544 --- [main] o.s.b.w.embedded.tomcat.TomcatWebServer  : Tomcat initialized with port(s): 9001 (http)
2023-01-14 15:42:31.281  INFO 17544 --- [main] o.a.catalina.core.AprLifecycleListener   : Loaded Apache Tomcat Native library [1.2.35] using APR version [1.7.0].
2023-01-14 15:42:31.282  INFO 17544 --- [main] o.a.catalina.core.AprLifecycleListener   : APR capabilities: IPv6 [true], sendfile [true], accept filters [false], random [true], UDS [true].
2023-01-14 15:42:31.282  INFO 17544 --- [main] o.a.catalina.core.AprLifecycleListener   : APR/OpenSSL configuration: useAprConnector [false], useOpenSSL [true]
2023-01-14 15:42:31.287  INFO 17544 --- [main] o.a.catalina.core.AprLifecycleListener   : OpenSSL successfully initialized [OpenSSL 1.1.1q  5 Jul 2022]
2023-01-14 15:42:31.316  INFO 17544 --- [main] o.apache.catalina.core.StandardService   : Starting service [Tomcat]
2023-01-14 15:42:31.317  INFO 17544 --- [main] org.apache.catalina.core.StandardEngine  : Starting Servlet engine: [Apache Tomcat/9.0.70]
2023-01-14 15:42:31.577  INFO 17544 --- [main] o.a.c.c.C.[Tomcat].[localhost].[/]       : Initializing Spring embedded WebApplicationContext
2023-01-14 15:42:31.578  INFO 17544 --- [main] w.s.c.ServletWebServerApplicationContext : Root WebApplicationContext: initialization completed in 3443 ms
2023-01-14 15:42:31.884  INFO 17544 --- [main] o.hibernate.jpa.internal.util.LogHelper  : HHH000204: Processing PersistenceUnitInfo [name: default]
2023-01-14 15:42:32.181  INFO 17544 --- [main] org.hibernate.Version                    : HHH000412: Hibernate ORM core version 5.6.14.Final
2023-01-14 15:42:32.541  INFO 17544 --- [main] o.hibernate.annotations.common.Version   : HCANN000001: Hibernate Commons Annotations {5.1.2.Final}
2023-01-14 15:42:32.687  INFO 17544 --- [main] com.zaxxer.hikari.HikariDataSource       : HikariPool-1 - Starting...
2023-01-14 15:42:33.432  INFO 17544 --- [main] com.zaxxer.hikari.HikariDataSource       : HikariPool-1 - Start completed.
2023-01-14 15:42:33.464  INFO 17544 --- [main] org.hibernate.dialect.Dialect            : HHH000400: Using dialect: org.hibernate.dialect.MySQL8Dialect
2023-01-14 15:42:34.463  INFO 17544 --- [main] o.h.e.t.j.p.i.JtaPlatformInitiator       : HHH000490: Using JtaPlatform implementation: [org.hibernate.engine.transaction.jta.platform.internal.NoJtaPlatform]
2023-01-14 15:42:34.470  INFO 17544 --- [main] j.LocalContainerEntityManagerFactoryBean : Initialized JPA EntityManagerFactory for persistence unit 'default'
2023-01-14 15:42:34.569  WARN 17544 --- [main] JpaBaseConfiguration$JpaWebConfiguration : spring.jpa.open-in-view is enabled by default. Therefore, database queries may be performed during view rendering. Explicitly configure spring.jpa.open-in-view to disable this warning
2023-01-14 15:42:34.649  INFO 17544 --- [main] o.s.c.openfeign.FeignClientFactoryBean   : For 'contacts-service' URL not provided. Will try picking an instance via load-balancing.
2023-01-14 15:42:36.159  INFO 17544 --- [main] DiscoveryClientOptionalArgsConfiguration : Eureka HTTP Client uses RestTemplate.
2023-01-14 15:42:36.291  WARN 17544 --- [main] iguration$LoadBalancerCaffeineWarnLogger : Spring Cloud LoadBalancer is currently working with the default cache. While this cache implementation is useful for development and tests, it's recommended to use Caffeine cache in production.You can switch to using Caffeine cache, by adding it and org.springframework.cache.caffeine.CaffeineCacheManager to the classpath.
2023-01-14 15:42:36.317  INFO 17544 --- [main] o.s.c.n.eureka.InstanceInfoFactory       : Setting initial instance status as: STARTING
2023-01-14 15:42:36.478  INFO 17544 --- [main] com.netflix.discovery.DiscoveryClient    : Initializing Eureka in region us-east-1
2023-01-14 15:42:36.483  INFO 17544 --- [main] c.n.d.s.r.aws.ConfigClusterResolver      : Resolving eureka endpoints via configuration
2023-01-14 15:42:36.502  INFO 17544 --- [main] com.netflix.discovery.DiscoveryClient    : Disable delta property : false
2023-01-14 15:42:36.502  INFO 17544 --- [main] com.netflix.discovery.DiscoveryClient    : Single vip registry refresh property : null
2023-01-14 15:42:36.503  INFO 17544 --- [main] com.netflix.discovery.DiscoveryClient    : Force full registry fetch : false
2023-01-14 15:42:36.503  INFO 17544 --- [main] com.netflix.discovery.DiscoveryClient    : Application is null : false
2023-01-14 15:42:36.503  INFO 17544 --- [main] com.netflix.discovery.DiscoveryClient    : Registered Applications size is zero : true
2023-01-14 15:42:36.503  INFO 17544 --- [main] com.netflix.discovery.DiscoveryClient    : Application version is -1: true
2023-01-14 15:42:36.503  INFO 17544 --- [main] com.netflix.discovery.DiscoveryClient    : Getting all instance registry info from the eureka server
2023-01-14 15:42:36.907  INFO 17544 --- [main] com.netflix.discovery.DiscoveryClient    : The response status is 200
2023-01-14 15:42:36.910  INFO 17544 --- [main] com.netflix.discovery.DiscoveryClient    : Starting heartbeat executor: renew interval is: 30
2023-01-14 15:42:36.913  INFO 17544 --- [main] c.n.discovery.InstanceInfoReplicator     : InstanceInfoReplicator onDemand update allowed rate per min is 4
2023-01-14 15:42:36.920  INFO 17544 --- [main] com.netflix.discovery.DiscoveryClient    : Discovery Client initialized at timestamp 1673691156919 with initial instances count: 1
2023-01-14 15:42:36.924  INFO 17544 --- [main] o.s.c.n.e.s.EurekaServiceRegistry        : Registering application USER-PROFILE-SERVICE with eureka with status UP
2023-01-14 15:42:36.925  INFO 17544 --- [main] com.netflix.discovery.DiscoveryClient    : Saw local status change event StatusChangeEvent [timestamp=1673691156925, current=UP, previous=STARTING]
2023-01-14 15:42:36.927  INFO 17544 --- [DiscoveryClient-InstanceInfoReplicator-0] com.netflix.discovery.DiscoveryClient    : DiscoveryClient_USER-PROFILE-SERVICE/host.docker.internal:user-profile-service:9001: registering service...
2023-01-14 15:42:37.001  INFO 17544 --- [main] o.s.b.w.embedded.tomcat.TomcatWebServer  : Tomcat started on port(s): 9001 (http) with context path ''
2023-01-14 15:42:37.002  INFO 17544 --- [main] .s.c.n.e.s.EurekaAutoServiceRegistration : Updating port to 9001
2023-01-14 15:42:37.234  INFO 17544 --- [DiscoveryClient-InstanceInfoReplicator-0] com.netflix.discovery.DiscoveryClient    : DiscoveryClient_USER-PROFILE-SERVICE/host.docker.internal:user-profile-service:9001 - registration status: 204
2023-01-14 15:42:37.414  INFO 17544 --- [main] i.s.userprofile.UserprofileApplication   : Started UserprofileApplication in 10.187 seconds (JVM running for 10.954)
2023-01-14 15:42:43.250  INFO 17544 --- [http-nio-9001-exec-1] o.a.c.c.C.[Tomcat].[localhost].[/]       : Initializing Spring DispatcherServlet 'dispatcherServlet'
2023-01-14 15:42:43.251  INFO 17544 --- [http-nio-9001-exec-1] o.s.web.servlet.DispatcherServlet        : Initializing Servlet 'dispatcherServlet'
2023-01-14 15:42:43.253  INFO 17544 --- [http-nio-9001-exec-1] o.s.web.servlet.DispatcherServlet        : Completed initialization in 1 ms
2023-01-14 15:42:43.269  WARN 17544 --- [http-nio-9001-exec-1] .w.s.m.s.DefaultHandlerExceptionResolver : Resolved [org.springframework.web.HttpRequestMethodNotSupportedException: Request method 'POST' not supported]
2023-01-14 15:42:50.624  INFO 17544 --- [http-nio-9001-exec-2] i.s.userprofile.aspect.LoggingAspect     : Inside the before advice
2023-01-14 15:42:50.626  INFO 17544 --- [http-nio-9001-exec-2] i.s.userprofile.aspect.LoggingAspect     : Target method is loginUser
2023-01-14 15:42:50.887  INFO 17544 --- [http-nio-9001-exec-2] i.s.userprofile.aspect.LoggingAspect     : Inside the After Throwing advice
2023-01-14 15:42:50.888  INFO 17544 --- [http-nio-9001-exec-2] i.s.userprofile.aspect.LoggingAspect     : Target method is authenticateUser
2023-01-14 15:42:50.889  INFO 17544 --- [http-nio-9001-exec-2] i.s.userprofile.aspect.LoggingAspect     : Exception thrown InValid credentials
2023-01-14 15:42:50.890  INFO 17544 --- [http-nio-9001-exec-2] i.s.userprofile.aspect.LoggingAspect     : Inside the After advice
2023-01-14 15:42:50.890  INFO 17544 --- [http-nio-9001-exec-2] i.s.userprofile.aspect.LoggingAspect     : Target method is loginUser
2023-01-14 15:42:50.890  INFO 17544 --- [http-nio-9001-exec-2] i.s.userprofile.aspect.LoggingAspect     : loginUser completed execution
2023-01-14 15:42:56.099  INFO 17544 --- [http-nio-9001-exec-3] i.s.userprofile.aspect.LoggingAspect     : Inside the before advice
2023-01-14 15:42:56.100  INFO 17544 --- [http-nio-9001-exec-3] i.s.userprofile.aspect.LoggingAspect     : Target method is loginUser
2023-01-14 15:42:56.558  INFO 17544 --- [http-nio-9001-exec-3] i.s.userprofile.aspect.LoggingAspect     : Inside the After Returning advice
2023-01-14 15:42:56.559  INFO 17544 --- [http-nio-9001-exec-3] i.s.userprofile.aspect.LoggingAspect     : Target method is loginUser
2023-01-14 15:42:56.560  INFO 17544 --- [http-nio-9001-exec-3] i.s.userprofile.aspect.LoggingAspect     : Returned value is <200 OK OK,{email=ponting@gmail.com, status=200, jwt_token=eyJhbGciOiJIUzUxMiJ9.eyJleHAiOjE2NzM2OTgzNzYsImlhdCI6MTY3MzY5MTE3Niwic3ViIjoicG9udGluZ0BnbWFpbC5jb20iLCJpc3MiOiJpbi5zdGFja3JvdXRlIn0.ybrO3Ayo_5M_PtrbmPCcyMq17dOfRGRqFC6KqOYt6pWZkZLtZ4ZkzZQiEk_li64a3elYi7Id27wWYTc3TenCTA},[]>
2023-01-14 15:42:56.560  INFO 17544 --- [http-nio-9001-exec-3] i.s.userprofile.aspect.LoggingAspect     : Inside the After advice
2023-01-14 15:42:56.560  INFO 17544 --- [http-nio-9001-exec-3] i.s.userprofile.aspect.LoggingAspect     : Target method is loginUser
2023-01-14 15:42:56.560  INFO 17544 --- [http-nio-9001-exec-3] i.s.userprofile.aspect.LoggingAspect     : loginUser completed execution
2023-01-14 15:43:06.154  WARN 17544 --- [http-nio-9001-exec-4] .w.s.m.s.DefaultHandlerExceptionResolver : Resolved [org.springframework.web.HttpRequestMethodNotSupportedException: Request method 'POST' not supported]
2023-01-14 15:43:11.165  INFO 17544 --- [http-nio-9001-exec-5] i.s.userprofile.aspect.LoggingAspect     : Inside the before advice
2023-01-14 15:43:11.165  INFO 17544 --- [http-nio-9001-exec-5] i.s.userprofile.aspect.LoggingAspect     : Target method is resetPass
2023-01-14 15:43:11.475  INFO 17544 --- [http-nio-9001-exec-5] i.s.userprofile.aspect.LoggingAspect     : Inside the After Returning advice
2023-01-14 15:43:11.476  INFO 17544 --- [http-nio-9001-exec-5] i.s.userprofile.aspect.LoggingAspect     : Target method is resetPass
2023-01-14 15:43:11.477  INFO 17544 --- [http-nio-9001-exec-5] i.s.userprofile.aspect.LoggingAspect     : Returned value is <200 OK OK,in.stackroute.userprofile.model.User@700f6c9d,[]>
2023-01-14 15:43:11.477  INFO 17544 --- [http-nio-9001-exec-5] i.s.userprofile.aspect.LoggingAspect     : Inside the After advice
2023-01-14 15:43:11.478  INFO 17544 --- [http-nio-9001-exec-5] i.s.userprofile.aspect.LoggingAspect     : Target method is resetPass
2023-01-14 15:43:11.478  INFO 17544 --- [http-nio-9001-exec-5] i.s.userprofile.aspect.LoggingAspect     : resetPass completed execution
2023-01-14 15:43:31.277  INFO 17544 --- [http-nio-9001-exec-6] i.s.userprofile.aspect.LoggingAspect     : Inside the before advice
2023-01-14 15:43:31.278  INFO 17544 --- [http-nio-9001-exec-6] i.s.userprofile.aspect.LoggingAspect     : Target method is loginUser
2023-01-14 15:43:31.291  INFO 17544 --- [http-nio-9001-exec-6] i.s.userprofile.aspect.LoggingAspect     : Inside the After Throwing advice
2023-01-14 15:43:31.293  INFO 17544 --- [http-nio-9001-exec-6] i.s.userprofile.aspect.LoggingAspect     : Target method is authenticateUser
2023-01-14 15:43:31.293  INFO 17544 --- [http-nio-9001-exec-6] i.s.userprofile.aspect.LoggingAspect     : Exception thrown query did not return a unique result: 2; nested exception is javax.persistence.NonUniqueResultException: query did not return a unique result: 2
2023-01-14 15:43:31.293  INFO 17544 --- [http-nio-9001-exec-6] i.s.userprofile.aspect.LoggingAspect     : Inside the After advice
2023-01-14 15:43:31.293  INFO 17544 --- [http-nio-9001-exec-6] i.s.userprofile.aspect.LoggingAspect     : Target method is loginUser
2023-01-14 15:43:31.293  INFO 17544 --- [http-nio-9001-exec-6] i.s.userprofile.aspect.LoggingAspect     : loginUser completed execution
2023-01-14 15:43:31.325 ERROR 17544 --- [http-nio-9001-exec-6] o.a.c.c.C.[.[.[/].[dispatcherServlet]    : Servlet.service() for servlet [dispatcherServlet] in context with path [] threw exception [Request processing failed; nested exception is org.springframework.dao.IncorrectResultSizeDataAccessException: query did not return a unique result: 2; nested exception is javax.persistence.NonUniqueResultException: query did not return a unique result: 2] with root cause

javax.persistence.NonUniqueResultException: query did not return a unique result: 2
	at org.hibernate.internal.ExceptionConverterImpl.convert(ExceptionConverterImpl.java:128) ~[hibernate-core-5.6.14.Final.jar:5.6.14.Final]
	at org.hibernate.query.internal.AbstractProducedQuery.getSingleResult(AbstractProducedQuery.java:1672) ~[hibernate-core-5.6.14.Final.jar:5.6.14.Final]
	at org.springframework.data.jpa.repository.query.JpaQueryExecution$SingleEntityExecution.doExecute(JpaQueryExecution.java:198) ~[spring-data-jpa-2.7.6.jar:2.7.6]
	at org.springframework.data.jpa.repository.query.JpaQueryExecution.execute(JpaQueryExecution.java:90) ~[spring-data-jpa-2.7.6.jar:2.7.6]
	at org.springframework.data.jpa.repository.query.AbstractJpaQuery.doExecute(AbstractJpaQuery.java:156) ~[spring-data-jpa-2.7.6.jar:2.7.6]
	at org.springframework.data.jpa.repository.query.AbstractJpaQuery.execute(AbstractJpaQuery.java:144) ~[spring-data-jpa-2.7.6.jar:2.7.6]
	at org.springframework.data.repository.core.support.RepositoryMethodInvoker.doInvoke(RepositoryMethodInvoker.java:137) ~[spring-data-commons-2.7.6.jar:2.7.6]
	at org.springframework.data.repository.core.support.RepositoryMethodInvoker.invoke(RepositoryMethodInvoker.java:121) ~[spring-data-commons-2.7.6.jar:2.7.6]
	at org.springframework.data.repository.core.support.QueryExecutorMethodInterceptor.doInvoke(QueryExecutorMethodInterceptor.java:160) ~[spring-data-commons-2.7.6.jar:2.7.6]
	at org.springframework.data.repository.core.support.QueryExecutorMethodInterceptor.invoke(QueryExecutorMethodInterceptor.java:139) ~[spring-data-commons-2.7.6.jar:2.7.6]
	at org.springframework.aop.framework.ReflectiveMethodInvocation.proceed(ReflectiveMethodInvocation.java:186) ~[spring-aop-5.3.24.jar:5.3.24]
	at org.springframework.data.projection.DefaultMethodInvokingMethodInterceptor.invoke(DefaultMethodInvokingMethodInterceptor.java:81) ~[spring-data-commons-2.7.6.jar:2.7.6]
	at org.springframework.aop.framework.ReflectiveMethodInvocation.proceed(ReflectiveMethodInvocation.java:186) ~[spring-aop-5.3.24.jar:5.3.24]
	at org.springframework.transaction.interceptor.TransactionInterceptor$1.proceedWithInvocation(TransactionInterceptor.java:123) ~[spring-tx-5.3.24.jar:5.3.24]
	at org.springframework.transaction.interceptor.TransactionAspectSupport.invokeWithinTransaction(TransactionAspectSupport.java:388) ~[spring-tx-5.3.24.jar:5.3.24]
	at org.springframework.transaction.interceptor.TransactionInterceptor.invoke(TransactionInterceptor.java:119) ~[spring-tx-5.3.24.jar:5.3.24]
	at org.springframework.aop.framework.ReflectiveMethodInvocation.proceed(ReflectiveMethodInvocation.java:186) ~[spring-aop-5.3.24.jar:5.3.24]
	at org.springframework.dao.support.PersistenceExceptionTranslationInterceptor.invoke(PersistenceExceptionTranslationInterceptor.java:137) ~[spring-tx-5.3.24.jar:5.3.24]
	at org.springframework.aop.framework.ReflectiveMethodInvocation.proceed(ReflectiveMethodInvocation.java:186) ~[spring-aop-5.3.24.jar:5.3.24]
	at org.springframework.data.jpa.repository.support.CrudMethodMetadataPostProcessor$CrudMethodMetadataPopulatingMethodInterceptor.invoke(CrudMethodMetadataPostProcessor.java:145) ~[spring-data-jpa-2.7.6.jar:2.7.6]
	at org.springframework.aop.framework.ReflectiveMethodInvocation.proceed(ReflectiveMethodInvocation.java:186) ~[spring-aop-5.3.24.jar:5.3.24]
	at org.springframework.aop.interceptor.ExposeInvocationInterceptor.invoke(ExposeInvocationInterceptor.java:97) ~[spring-aop-5.3.24.jar:5.3.24]
	at org.springframework.aop.framework.ReflectiveMethodInvocation.proceed(ReflectiveMethodInvocation.java:186) ~[spring-aop-5.3.24.jar:5.3.24]
	at org.springframework.aop.framework.JdkDynamicAopProxy.invoke(JdkDynamicAopProxy.java:215) ~[spring-aop-5.3.24.jar:5.3.24]
	at jdk.proxy2/jdk.proxy2.$Proxy139.getUserByEmail(Unknown Source) ~[na:na]
	at in.stackroute.userprofile.service.UserServiceImpl.authenticateUser(UserServiceImpl.java:63) ~[classes/:na]
	at in.stackroute.userprofile.service.UserServiceImpl$$FastClassBySpringCGLIB$$ced2631d.invoke(<generated>) ~[classes/:na]
	at org.springframework.cglib.proxy.MethodProxy.invoke(MethodProxy.java:218) ~[spring-core-5.3.24.jar:5.3.24]
	at org.springframework.aop.framework.CglibAopProxy$CglibMethodInvocation.invokeJoinpoint(CglibAopProxy.java:793) ~[spring-aop-5.3.24.jar:5.3.24]
	at org.springframework.aop.framework.ReflectiveMethodInvocation.proceed(ReflectiveMethodInvocation.java:163) ~[spring-aop-5.3.24.jar:5.3.24]
	at org.springframework.aop.framework.CglibAopProxy$CglibMethodInvocation.proceed(CglibAopProxy.java:763) ~[spring-aop-5.3.24.jar:5.3.24]
	at org.springframework.aop.aspectj.AspectJAfterThrowingAdvice.invoke(AspectJAfterThrowingAdvice.java:64) ~[spring-aop-5.3.24.jar:5.3.24]
	at org.springframework.aop.framework.ReflectiveMethodInvocation.proceed(ReflectiveMethodInvocation.java:186) ~[spring-aop-5.3.24.jar:5.3.24]
	at org.springframework.aop.framework.CglibAopProxy$CglibMethodInvocation.proceed(CglibAopProxy.java:763) ~[spring-aop-5.3.24.jar:5.3.24]
	at org.springframework.aop.interceptor.ExposeInvocationInterceptor.invoke(ExposeInvocationInterceptor.java:97) ~[spring-aop-5.3.24.jar:5.3.24]
	at org.springframework.aop.framework.ReflectiveMethodInvocation.proceed(ReflectiveMethodInvocation.java:186) ~[spring-aop-5.3.24.jar:5.3.24]
	at org.springframework.aop.framework.CglibAopProxy$CglibMethodInvocation.proceed(CglibAopProxy.java:763) ~[spring-aop-5.3.24.jar:5.3.24]
	at org.springframework.aop.framework.CglibAopProxy$DynamicAdvisedInterceptor.intercept(CglibAopProxy.java:708) ~[spring-aop-5.3.24.jar:5.3.24]
	at in.stackroute.userprofile.service.UserServiceImpl$$EnhancerBySpringCGLIB$$3c90fdc4.authenticateUser(<generated>) ~[classes/:na]
	at in.stackroute.userprofile.controller.UserController.loginUser(UserController.java:38) ~[classes/:na]
	at in.stackroute.userprofile.controller.UserController$$FastClassBySpringCGLIB$$550d245.invoke(<generated>) ~[classes/:na]
	at org.springframework.cglib.proxy.MethodProxy.invoke(MethodProxy.java:218) ~[spring-core-5.3.24.jar:5.3.24]
	at org.springframework.aop.framework.CglibAopProxy$CglibMethodInvocation.invokeJoinpoint(CglibAopProxy.java:793) ~[spring-aop-5.3.24.jar:5.3.24]
	at org.springframework.aop.framework.ReflectiveMethodInvocation.proceed(ReflectiveMethodInvocation.java:163) ~[spring-aop-5.3.24.jar:5.3.24]
	at org.springframework.aop.framework.CglibAopProxy$CglibMethodInvocation.proceed(CglibAopProxy.java:763) ~[spring-aop-5.3.24.jar:5.3.24]
	at org.springframework.aop.framework.adapter.AfterReturningAdviceInterceptor.invoke(AfterReturningAdviceInterceptor.java:57) ~[spring-aop-5.3.24.jar:5.3.24]
	at org.springframework.aop.framework.ReflectiveMethodInvocation.proceed(ReflectiveMethodInvocation.java:186) ~[spring-aop-5.3.24.jar:5.3.24]
	at org.springframework.aop.framework.CglibAopProxy$CglibMethodInvocation.proceed(CglibAopProxy.java:763) ~[spring-aop-5.3.24.jar:5.3.24]
	at org.springframework.aop.aspectj.AspectJAfterAdvice.invoke(AspectJAfterAdvice.java:49) ~[spring-aop-5.3.24.jar:5.3.24]
	at org.springframework.aop.framework.ReflectiveMethodInvocation.proceed(ReflectiveMethodInvocation.java:186) ~[spring-aop-5.3.24.jar:5.3.24]
	at org.springframework.aop.framework.CglibAopProxy$CglibMethodInvocation.proceed(CglibAopProxy.java:763) ~[spring-aop-5.3.24.jar:5.3.24]
	at org.springframework.aop.framework.adapter.MethodBeforeAdviceInterceptor.invoke(MethodBeforeAdviceInterceptor.java:58) ~[spring-aop-5.3.24.jar:5.3.24]
	at org.springframework.aop.framework.ReflectiveMethodInvocation.proceed(ReflectiveMethodInvocation.java:186) ~[spring-aop-5.3.24.jar:5.3.24]
	at org.springframework.aop.framework.CglibAopProxy$CglibMethodInvocation.proceed(CglibAopProxy.java:763) ~[spring-aop-5.3.24.jar:5.3.24]
	at org.springframework.aop.interceptor.ExposeInvocationInterceptor.invoke(ExposeInvocationInterceptor.java:97) ~[spring-aop-5.3.24.jar:5.3.24]
	at org.springframework.aop.framework.ReflectiveMethodInvocation.proceed(ReflectiveMethodInvocation.java:186) ~[spring-aop-5.3.24.jar:5.3.24]
	at org.springframework.aop.framework.CglibAopProxy$CglibMethodInvocation.proceed(CglibAopProxy.java:763) ~[spring-aop-5.3.24.jar:5.3.24]
	at org.springframework.aop.framework.CglibAopProxy$DynamicAdvisedInterceptor.intercept(CglibAopProxy.java:708) ~[spring-aop-5.3.24.jar:5.3.24]
	at in.stackroute.userprofile.controller.UserController$$EnhancerBySpringCGLIB$$4c43d376.loginUser(<generated>) ~[classes/:na]
	at java.base/jdk.internal.reflect.NativeMethodAccessorImpl.invoke0(Native Method) ~[na:na]
	at java.base/jdk.internal.reflect.NativeMethodAccessorImpl.invoke(NativeMethodAccessorImpl.java:77) ~[na:na]
	at java.base/jdk.internal.reflect.DelegatingMethodAccessorImpl.invoke(DelegatingMethodAccessorImpl.java:43) ~[na:na]
	at java.base/java.lang.reflect.Method.invoke(Method.java:568) ~[na:na]
	at org.springframework.web.method.support.InvocableHandlerMethod.doInvoke(InvocableHandlerMethod.java:205) ~[spring-web-5.3.24.jar:5.3.24]
	at org.springframework.web.method.support.InvocableHandlerMethod.invokeForRequest(InvocableHandlerMethod.java:150) ~[spring-web-5.3.24.jar:5.3.24]
	at org.springframework.web.servlet.mvc.method.annotation.ServletInvocableHandlerMethod.invokeAndHandle(ServletInvocableHandlerMethod.java:117) ~[spring-webmvc-5.3.24.jar:5.3.24]
	at org.springframework.web.servlet.mvc.method.annotation.RequestMappingHandlerAdapter.invokeHandlerMethod(RequestMappingHandlerAdapter.java:895) ~[spring-webmvc-5.3.24.jar:5.3.24]
	at org.springframework.web.servlet.mvc.method.annotation.RequestMappingHandlerAdapter.handleInternal(RequestMappingHandlerAdapter.java:808) ~[spring-webmvc-5.3.24.jar:5.3.24]
	at org.springframework.web.servlet.mvc.method.AbstractHandlerMethodAdapter.handle(AbstractHandlerMethodAdapter.java:87) ~[spring-webmvc-5.3.24.jar:5.3.24]
	at org.springframework.web.servlet.DispatcherServlet.doDispatch(DispatcherServlet.java:1071) ~[spring-webmvc-5.3.24.jar:5.3.24]
	at org.springframework.web.servlet.DispatcherServlet.doService(DispatcherServlet.java:964) ~[spring-webmvc-5.3.24.jar:5.3.24]
	at org.springframework.web.servlet.FrameworkServlet.processRequest(FrameworkServlet.java:1006) ~[spring-webmvc-5.3.24.jar:5.3.24]
	at org.springframework.web.servlet.FrameworkServlet.doPost(FrameworkServlet.java:909) ~[spring-webmvc-5.3.24.jar:5.3.24]
	at javax.servlet.http.HttpServlet.service(HttpServlet.java:696) ~[tomcat-embed-core-9.0.70.jar:4.0.FR]
	at org.springframework.web.servlet.FrameworkServlet.service(FrameworkServlet.java:883) ~[spring-webmvc-5.3.24.jar:5.3.24]
	at javax.servlet.http.HttpServlet.service(HttpServlet.java:779) ~[tomcat-embed-core-9.0.70.jar:4.0.FR]
	at org.apache.catalina.core.ApplicationFilterChain.internalDoFilter(ApplicationFilterChain.java:227) ~[tomcat-embed-core-9.0.70.jar:9.0.70]
	at org.apache.catalina.core.ApplicationFilterChain.doFilter(ApplicationFilterChain.java:162) ~[tomcat-embed-core-9.0.70.jar:9.0.70]
	at org.apache.tomcat.websocket.server.WsFilter.doFilter(WsFilter.java:53) ~[tomcat-embed-websocket-9.0.70.jar:9.0.70]
	at org.apache.catalina.core.ApplicationFilterChain.internalDoFilter(ApplicationFilterChain.java:189) ~[tomcat-embed-core-9.0.70.jar:9.0.70]
	at org.apache.catalina.core.ApplicationFilterChain.doFilter(ApplicationFilterChain.java:162) ~[tomcat-embed-core-9.0.70.jar:9.0.70]
	at org.springframework.web.filter.CharacterEncodingFilter.doFilterInternal(CharacterEncodingFilter.java:201) ~[spring-web-5.3.24.jar:5.3.24]
	at org.springframework.web.filter.OncePerRequestFilter.doFilter(OncePerRequestFilter.java:117) ~[spring-web-5.3.24.jar:5.3.24]
	at org.apache.catalina.core.ApplicationFilterChain.internalDoFilter(ApplicationFilterChain.java:189) ~[tomcat-embed-core-9.0.70.jar:9.0.70]
	at org.apache.catalina.core.ApplicationFilterChain.doFilter(ApplicationFilterChain.java:162) ~[tomcat-embed-core-9.0.70.jar:9.0.70]
	at org.apache.catalina.core.StandardWrapperValve.invoke(StandardWrapperValve.java:177) ~[tomcat-embed-core-9.0.70.jar:9.0.70]
	at org.apache.catalina.core.StandardContextValve.invoke(StandardContextValve.java:97) ~[tomcat-embed-core-9.0.70.jar:9.0.70]
	at org.apache.catalina.authenticator.AuthenticatorBase.invoke(AuthenticatorBase.java:541) ~[tomcat-embed-core-9.0.70.jar:9.0.70]
	at org.apache.catalina.core.StandardHostValve.invoke(StandardHostValve.java:135) ~[tomcat-embed-core-9.0.70.jar:9.0.70]
	at org.apache.catalina.valves.ErrorReportValve.invoke(ErrorReportValve.java:92) ~[tomcat-embed-core-9.0.70.jar:9.0.70]
	at org.apache.catalina.core.StandardEngineValve.invoke(StandardEngineValve.java:78) ~[tomcat-embed-core-9.0.70.jar:9.0.70]
	at org.apache.catalina.connector.CoyoteAdapter.service(CoyoteAdapter.java:360) ~[tomcat-embed-core-9.0.70.jar:9.0.70]
	at org.apache.coyote.http11.Http11Processor.service(Http11Processor.java:399) ~[tomcat-embed-core-9.0.70.jar:9.0.70]
	at org.apache.coyote.AbstractProcessorLight.process(AbstractProcessorLight.java:65) ~[tomcat-embed-core-9.0.70.jar:9.0.70]
	at org.apache.coyote.AbstractProtocol$ConnectionHandler.process(AbstractProtocol.java:891) ~[tomcat-embed-core-9.0.70.jar:9.0.70]
	at org.apache.tomcat.util.net.NioEndpoint$SocketProcessor.doRun(NioEndpoint.java:1784) ~[tomcat-embed-core-9.0.70.jar:9.0.70]
	at org.apache.tomcat.util.net.SocketProcessorBase.run(SocketProcessorBase.java:49) ~[tomcat-embed-core-9.0.70.jar:9.0.70]
	at org.apache.tomcat.util.threads.ThreadPoolExecutor.runWorker(ThreadPoolExecutor.java:1191) ~[tomcat-embed-core-9.0.70.jar:9.0.70]
	at org.apache.tomcat.util.threads.ThreadPoolExecutor$Worker.run(ThreadPoolExecutor.java:659) ~[tomcat-embed-core-9.0.70.jar:9.0.70]
	at org.apache.tomcat.util.threads.TaskThread$WrappingRunnable.run(TaskThread.java:61) ~[tomcat-embed-core-9.0.70.jar:9.0.70]
	at java.base/java.lang.Thread.run(Thread.java:833) ~[na:na]

2023-01-14 15:44:07.705  WARN 17544 --- [http-nio-9001-exec-7] .w.s.m.s.DefaultHandlerExceptionResolver : Resolved [org.springframework.web.HttpRequestMethodNotSupportedException: Request method 'POST' not supported]
2023-01-14 15:44:11.874  INFO 17544 --- [http-nio-9001-exec-8] i.s.userprofile.aspect.LoggingAspect     : Inside the before advice
2023-01-14 15:44:11.875  INFO 17544 --- [http-nio-9001-exec-8] i.s.userprofile.aspect.LoggingAspect     : Target method is resetPass
2023-01-14 15:44:12.034  INFO 17544 --- [http-nio-9001-exec-8] i.s.userprofile.aspect.LoggingAspect     : Inside the After Returning advice
2023-01-14 15:44:12.035  INFO 17544 --- [http-nio-9001-exec-8] i.s.userprofile.aspect.LoggingAspect     : Target method is resetPass
2023-01-14 15:44:12.035  INFO 17544 --- [http-nio-9001-exec-8] i.s.userprofile.aspect.LoggingAspect     : Returned value is <200 OK OK,in.stackroute.userprofile.model.User@4501c1af,[]>
2023-01-14 15:44:12.037  INFO 17544 --- [http-nio-9001-exec-8] i.s.userprofile.aspect.LoggingAspect     : Inside the After advice
2023-01-14 15:44:12.037  INFO 17544 --- [http-nio-9001-exec-8] i.s.userprofile.aspect.LoggingAspect     : Target method is resetPass
2023-01-14 15:44:12.037  INFO 17544 --- [http-nio-9001-exec-8] i.s.userprofile.aspect.LoggingAspect     : resetPass completed execution
2023-01-14 15:44:28.652  INFO 17544 --- [http-nio-9001-exec-9] i.s.userprofile.aspect.LoggingAspect     : Inside the before advice
2023-01-14 15:44:28.653  INFO 17544 --- [http-nio-9001-exec-9] i.s.userprofile.aspect.LoggingAspect     : Target method is loginUser
2023-01-14 15:44:28.658  INFO 17544 --- [http-nio-9001-exec-9] i.s.userprofile.aspect.LoggingAspect     : Inside the After Throwing advice
2023-01-14 15:44:28.659  INFO 17544 --- [http-nio-9001-exec-9] i.s.userprofile.aspect.LoggingAspect     : Target method is authenticateUser
2023-01-14 15:44:28.659  INFO 17544 --- [http-nio-9001-exec-9] i.s.userprofile.aspect.LoggingAspect     : Exception thrown query did not return a unique result: 3; nested exception is javax.persistence.NonUniqueResultException: query did not return a unique result: 3
2023-01-14 15:44:28.659  INFO 17544 --- [http-nio-9001-exec-9] i.s.userprofile.aspect.LoggingAspect     : Inside the After advice
2023-01-14 15:44:28.660  INFO 17544 --- [http-nio-9001-exec-9] i.s.userprofile.aspect.LoggingAspect     : Target method is loginUser
2023-01-14 15:44:28.660  INFO 17544 --- [http-nio-9001-exec-9] i.s.userprofile.aspect.LoggingAspect     : loginUser completed execution
2023-01-14 15:44:28.664 ERROR 17544 --- [http-nio-9001-exec-9] o.a.c.c.C.[.[.[/].[dispatcherServlet]    : Servlet.service() for servlet [dispatcherServlet] in context with path [] threw exception [Request processing failed; nested exception is org.springframework.dao.IncorrectResultSizeDataAccessException: query did not return a unique result: 3; nested exception is javax.persistence.NonUniqueResultException: query did not return a unique result: 3] with root cause

javax.persistence.NonUniqueResultException: query did not return a unique result: 3
	at org.hibernate.internal.ExceptionConverterImpl.convert(ExceptionConverterImpl.java:128) ~[hibernate-core-5.6.14.Final.jar:5.6.14.Final]
	at org.hibernate.query.internal.AbstractProducedQuery.getSingleResult(AbstractProducedQuery.java:1672) ~[hibernate-core-5.6.14.Final.jar:5.6.14.Final]
	at org.springframework.data.jpa.repository.query.JpaQueryExecution$SingleEntityExecution.doExecute(JpaQueryExecution.java:198) ~[spring-data-jpa-2.7.6.jar:2.7.6]
	at org.springframework.data.jpa.repository.query.JpaQueryExecution.execute(JpaQueryExecution.java:90) ~[spring-data-jpa-2.7.6.jar:2.7.6]
	at org.springframework.data.jpa.repository.query.AbstractJpaQuery.doExecute(AbstractJpaQuery.java:156) ~[spring-data-jpa-2.7.6.jar:2.7.6]
	at org.springframework.data.jpa.repository.query.AbstractJpaQuery.execute(AbstractJpaQuery.java:144) ~[spring-data-jpa-2.7.6.jar:2.7.6]
	at org.springframework.data.repository.core.support.RepositoryMethodInvoker.doInvoke(RepositoryMethodInvoker.java:137) ~[spring-data-commons-2.7.6.jar:2.7.6]
	at org.springframework.data.repository.core.support.RepositoryMethodInvoker.invoke(RepositoryMethodInvoker.java:121) ~[spring-data-commons-2.7.6.jar:2.7.6]
	at org.springframework.data.repository.core.support.QueryExecutorMethodInterceptor.doInvoke(QueryExecutorMethodInterceptor.java:160) ~[spring-data-commons-2.7.6.jar:2.7.6]
	at org.springframework.data.repository.core.support.QueryExecutorMethodInterceptor.invoke(QueryExecutorMethodInterceptor.java:139) ~[spring-data-commons-2.7.6.jar:2.7.6]
	at org.springframework.aop.framework.ReflectiveMethodInvocation.proceed(ReflectiveMethodInvocation.java:186) ~[spring-aop-5.3.24.jar:5.3.24]
	at org.springframework.data.projection.DefaultMethodInvokingMethodInterceptor.invoke(DefaultMethodInvokingMethodInterceptor.java:81) ~[spring-data-commons-2.7.6.jar:2.7.6]
	at org.springframework.aop.framework.ReflectiveMethodInvocation.proceed(ReflectiveMethodInvocation.java:186) ~[spring-aop-5.3.24.jar:5.3.24]
	at org.springframework.transaction.interceptor.TransactionInterceptor$1.proceedWithInvocation(TransactionInterceptor.java:123) ~[spring-tx-5.3.24.jar:5.3.24]
	at org.springframework.transaction.interceptor.TransactionAspectSupport.invokeWithinTransaction(TransactionAspectSupport.java:388) ~[spring-tx-5.3.24.jar:5.3.24]
	at org.springframework.transaction.interceptor.TransactionInterceptor.invoke(TransactionInterceptor.java:119) ~[spring-tx-5.3.24.jar:5.3.24]
	at org.springframework.aop.framework.ReflectiveMethodInvocation.proceed(ReflectiveMethodInvocation.java:186) ~[spring-aop-5.3.24.jar:5.3.24]
	at org.springframework.dao.support.PersistenceExceptionTranslationInterceptor.invoke(PersistenceExceptionTranslationInterceptor.java:137) ~[spring-tx-5.3.24.jar:5.3.24]
	at org.springframework.aop.framework.ReflectiveMethodInvocation.proceed(ReflectiveMethodInvocation.java:186) ~[spring-aop-5.3.24.jar:5.3.24]
	at org.springframework.data.jpa.repository.support.CrudMethodMetadataPostProcessor$CrudMethodMetadataPopulatingMethodInterceptor.invoke(CrudMethodMetadataPostProcessor.java:145) ~[spring-data-jpa-2.7.6.jar:2.7.6]
	at org.springframework.aop.framework.ReflectiveMethodInvocation.proceed(ReflectiveMethodInvocation.java:186) ~[spring-aop-5.3.24.jar:5.3.24]
	at org.springframework.aop.interceptor.ExposeInvocationInterceptor.invoke(ExposeInvocationInterceptor.java:97) ~[spring-aop-5.3.24.jar:5.3.24]
	at org.springframework.aop.framework.ReflectiveMethodInvocation.proceed(ReflectiveMethodInvocation.java:186) ~[spring-aop-5.3.24.jar:5.3.24]
	at org.springframework.aop.framework.JdkDynamicAopProxy.invoke(JdkDynamicAopProxy.java:215) ~[spring-aop-5.3.24.jar:5.3.24]
	at jdk.proxy2/jdk.proxy2.$Proxy139.getUserByEmail(Unknown Source) ~[na:na]
	at in.stackroute.userprofile.service.UserServiceImpl.authenticateUser(UserServiceImpl.java:63) ~[classes/:na]
	at in.stackroute.userprofile.service.UserServiceImpl$$FastClassBySpringCGLIB$$ced2631d.invoke(<generated>) ~[classes/:na]
	at org.springframework.cglib.proxy.MethodProxy.invoke(MethodProxy.java:218) ~[spring-core-5.3.24.jar:5.3.24]
	at org.springframework.aop.framework.CglibAopProxy$CglibMethodInvocation.invokeJoinpoint(CglibAopProxy.java:793) ~[spring-aop-5.3.24.jar:5.3.24]
	at org.springframework.aop.framework.ReflectiveMethodInvocation.proceed(ReflectiveMethodInvocation.java:163) ~[spring-aop-5.3.24.jar:5.3.24]
	at org.springframework.aop.framework.CglibAopProxy$CglibMethodInvocation.proceed(CglibAopProxy.java:763) ~[spring-aop-5.3.24.jar:5.3.24]
	at org.springframework.aop.aspectj.AspectJAfterThrowingAdvice.invoke(AspectJAfterThrowingAdvice.java:64) ~[spring-aop-5.3.24.jar:5.3.24]
	at org.springframework.aop.framework.ReflectiveMethodInvocation.proceed(ReflectiveMethodInvocation.java:186) ~[spring-aop-5.3.24.jar:5.3.24]
	at org.springframework.aop.framework.CglibAopProxy$CglibMethodInvocation.proceed(CglibAopProxy.java:763) ~[spring-aop-5.3.24.jar:5.3.24]
	at org.springframework.aop.interceptor.ExposeInvocationInterceptor.invoke(ExposeInvocationInterceptor.java:97) ~[spring-aop-5.3.24.jar:5.3.24]
	at org.springframework.aop.framework.ReflectiveMethodInvocation.proceed(ReflectiveMethodInvocation.java:186) ~[spring-aop-5.3.24.jar:5.3.24]
	at org.springframework.aop.framework.CglibAopProxy$CglibMethodInvocation.proceed(CglibAopProxy.java:763) ~[spring-aop-5.3.24.jar:5.3.24]
	at org.springframework.aop.framework.CglibAopProxy$DynamicAdvisedInterceptor.intercept(CglibAopProxy.java:708) ~[spring-aop-5.3.24.jar:5.3.24]
	at in.stackroute.userprofile.service.UserServiceImpl$$EnhancerBySpringCGLIB$$3c90fdc4.authenticateUser(<generated>) ~[classes/:na]
	at in.stackroute.userprofile.controller.UserController.loginUser(UserController.java:38) ~[classes/:na]
	at in.stackroute.userprofile.controller.UserController$$FastClassBySpringCGLIB$$550d245.invoke(<generated>) ~[classes/:na]
	at org.springframework.cglib.proxy.MethodProxy.invoke(MethodProxy.java:218) ~[spring-core-5.3.24.jar:5.3.24]
	at org.springframework.aop.framework.CglibAopProxy$CglibMethodInvocation.invokeJoinpoint(CglibAopProxy.java:793) ~[spring-aop-5.3.24.jar:5.3.24]
	at org.springframework.aop.framework.ReflectiveMethodInvocation.proceed(ReflectiveMethodInvocation.java:163) ~[spring-aop-5.3.24.jar:5.3.24]
	at org.springframework.aop.framework.CglibAopProxy$CglibMethodInvocation.proceed(CglibAopProxy.java:763) ~[spring-aop-5.3.24.jar:5.3.24]
	at org.springframework.aop.framework.adapter.AfterReturningAdviceInterceptor.invoke(AfterReturningAdviceInterceptor.java:57) ~[spring-aop-5.3.24.jar:5.3.24]
	at org.springframework.aop.framework.ReflectiveMethodInvocation.proceed(ReflectiveMethodInvocation.java:186) ~[spring-aop-5.3.24.jar:5.3.24]
	at org.springframework.aop.framework.CglibAopProxy$CglibMethodInvocation.proceed(CglibAopProxy.java:763) ~[spring-aop-5.3.24.jar:5.3.24]
	at org.springframework.aop.aspectj.AspectJAfterAdvice.invoke(AspectJAfterAdvice.java:49) ~[spring-aop-5.3.24.jar:5.3.24]
	at org.springframework.aop.framework.ReflectiveMethodInvocation.proceed(ReflectiveMethodInvocation.java:186) ~[spring-aop-5.3.24.jar:5.3.24]
	at org.springframework.aop.framework.CglibAopProxy$CglibMethodInvocation.proceed(CglibAopProxy.java:763) ~[spring-aop-5.3.24.jar:5.3.24]
	at org.springframework.aop.framework.adapter.MethodBeforeAdviceInterceptor.invoke(MethodBeforeAdviceInterceptor.java:58) ~[spring-aop-5.3.24.jar:5.3.24]
	at org.springframework.aop.framework.ReflectiveMethodInvocation.proceed(ReflectiveMethodInvocation.java:186) ~[spring-aop-5.3.24.jar:5.3.24]
	at org.springframework.aop.framework.CglibAopProxy$CglibMethodInvocation.proceed(CglibAopProxy.java:763) ~[spring-aop-5.3.24.jar:5.3.24]
	at org.springframework.aop.interceptor.ExposeInvocationInterceptor.invoke(ExposeInvocationInterceptor.java:97) ~[spring-aop-5.3.24.jar:5.3.24]
	at org.springframework.aop.framework.ReflectiveMethodInvocation.proceed(ReflectiveMethodInvocation.java:186) ~[spring-aop-5.3.24.jar:5.3.24]
	at org.springframework.aop.framework.CglibAopProxy$CglibMethodInvocation.proceed(CglibAopProxy.java:763) ~[spring-aop-5.3.24.jar:5.3.24]
	at org.springframework.aop.framework.CglibAopProxy$DynamicAdvisedInterceptor.intercept(CglibAopProxy.java:708) ~[spring-aop-5.3.24.jar:5.3.24]
	at in.stackroute.userprofile.controller.UserController$$EnhancerBySpringCGLIB$$4c43d376.loginUser(<generated>) ~[classes/:na]
	at java.base/jdk.internal.reflect.NativeMethodAccessorImpl.invoke0(Native Method) ~[na:na]
	at java.base/jdk.internal.reflect.NativeMethodAccessorImpl.invoke(NativeMethodAccessorImpl.java:77) ~[na:na]
	at java.base/jdk.internal.reflect.DelegatingMethodAccessorImpl.invoke(DelegatingMethodAccessorImpl.java:43) ~[na:na]
	at java.base/java.lang.reflect.Method.invoke(Method.java:568) ~[na:na]
	at org.springframework.web.method.support.InvocableHandlerMethod.doInvoke(InvocableHandlerMethod.java:205) ~[spring-web-5.3.24.jar:5.3.24]
	at org.springframework.web.method.support.InvocableHandlerMethod.invokeForRequest(InvocableHandlerMethod.java:150) ~[spring-web-5.3.24.jar:5.3.24]
	at org.springframework.web.servlet.mvc.method.annotation.ServletInvocableHandlerMethod.invokeAndHandle(ServletInvocableHandlerMethod.java:117) ~[spring-webmvc-5.3.24.jar:5.3.24]
	at org.springframework.web.servlet.mvc.method.annotation.RequestMappingHandlerAdapter.invokeHandlerMethod(RequestMappingHandlerAdapter.java:895) ~[spring-webmvc-5.3.24.jar:5.3.24]
	at org.springframework.web.servlet.mvc.method.annotation.RequestMappingHandlerAdapter.handleInternal(RequestMappingHandlerAdapter.java:808) ~[spring-webmvc-5.3.24.jar:5.3.24]
	at org.springframework.web.servlet.mvc.method.AbstractHandlerMethodAdapter.handle(AbstractHandlerMethodAdapter.java:87) ~[spring-webmvc-5.3.24.jar:5.3.24]
	at org.springframework.web.servlet.DispatcherServlet.doDispatch(DispatcherServlet.java:1071) ~[spring-webmvc-5.3.24.jar:5.3.24]
	at org.springframework.web.servlet.DispatcherServlet.doService(DispatcherServlet.java:964) ~[spring-webmvc-5.3.24.jar:5.3.24]
	at org.springframework.web.servlet.FrameworkServlet.processRequest(FrameworkServlet.java:1006) ~[spring-webmvc-5.3.24.jar:5.3.24]
	at org.springframework.web.servlet.FrameworkServlet.doPost(FrameworkServlet.java:909) ~[spring-webmvc-5.3.24.jar:5.3.24]
	at javax.servlet.http.HttpServlet.service(HttpServlet.java:696) ~[tomcat-embed-core-9.0.70.jar:4.0.FR]
	at org.springframework.web.servlet.FrameworkServlet.service(FrameworkServlet.java:883) ~[spring-webmvc-5.3.24.jar:5.3.24]
	at javax.servlet.http.HttpServlet.service(HttpServlet.java:779) ~[tomcat-embed-core-9.0.70.jar:4.0.FR]
	at org.apache.catalina.core.ApplicationFilterChain.internalDoFilter(ApplicationFilterChain.java:227) ~[tomcat-embed-core-9.0.70.jar:9.0.70]
	at org.apache.catalina.core.ApplicationFilterChain.doFilter(ApplicationFilterChain.java:162) ~[tomcat-embed-core-9.0.70.jar:9.0.70]
	at org.apache.tomcat.websocket.server.WsFilter.doFilter(WsFilter.java:53) ~[tomcat-embed-websocket-9.0.70.jar:9.0.70]
	at org.apache.catalina.core.ApplicationFilterChain.internalDoFilter(ApplicationFilterChain.java:189) ~[tomcat-embed-core-9.0.70.jar:9.0.70]
	at org.apache.catalina.core.ApplicationFilterChain.doFilter(ApplicationFilterChain.java:162) ~[tomcat-embed-core-9.0.70.jar:9.0.70]
	at org.springframework.web.filter.CharacterEncodingFilter.doFilterInternal(CharacterEncodingFilter.java:201) ~[spring-web-5.3.24.jar:5.3.24]
	at org.springframework.web.filter.OncePerRequestFilter.doFilter(OncePerRequestFilter.java:117) ~[spring-web-5.3.24.jar:5.3.24]
	at org.apache.catalina.core.ApplicationFilterChain.internalDoFilter(ApplicationFilterChain.java:189) ~[tomcat-embed-core-9.0.70.jar:9.0.70]
	at org.apache.catalina.core.ApplicationFilterChain.doFilter(ApplicationFilterChain.java:162) ~[tomcat-embed-core-9.0.70.jar:9.0.70]
	at org.apache.catalina.core.StandardWrapperValve.invoke(StandardWrapperValve.java:177) ~[tomcat-embed-core-9.0.70.jar:9.0.70]
	at org.apache.catalina.core.StandardContextValve.invoke(StandardContextValve.java:97) ~[tomcat-embed-core-9.0.70.jar:9.0.70]
	at org.apache.catalina.authenticator.AuthenticatorBase.invoke(AuthenticatorBase.java:541) ~[tomcat-embed-core-9.0.70.jar:9.0.70]
	at org.apache.catalina.core.StandardHostValve.invoke(StandardHostValve.java:135) ~[tomcat-embed-core-9.0.70.jar:9.0.70]
	at org.apache.catalina.valves.ErrorReportValve.invoke(ErrorReportValve.java:92) ~[tomcat-embed-core-9.0.70.jar:9.0.70]
	at org.apache.catalina.core.StandardEngineValve.invoke(StandardEngineValve.java:78) ~[tomcat-embed-core-9.0.70.jar:9.0.70]
	at org.apache.catalina.connector.CoyoteAdapter.service(CoyoteAdapter.java:360) ~[tomcat-embed-core-9.0.70.jar:9.0.70]
	at org.apache.coyote.http11.Http11Processor.service(Http11Processor.java:399) ~[tomcat-embed-core-9.0.70.jar:9.0.70]
	at org.apache.coyote.AbstractProcessorLight.process(AbstractProcessorLight.java:65) ~[tomcat-embed-core-9.0.70.jar:9.0.70]
	at org.apache.coyote.AbstractProtocol$ConnectionHandler.process(AbstractProtocol.java:891) ~[tomcat-embed-core-9.0.70.jar:9.0.70]
	at org.apache.tomcat.util.net.NioEndpoint$SocketProcessor.doRun(NioEndpoint.java:1784) ~[tomcat-embed-core-9.0.70.jar:9.0.70]
	at org.apache.tomcat.util.net.SocketProcessorBase.run(SocketProcessorBase.java:49) ~[tomcat-embed-core-9.0.70.jar:9.0.70]
	at org.apache.tomcat.util.threads.ThreadPoolExecutor.runWorker(ThreadPoolExecutor.java:1191) ~[tomcat-embed-core-9.0.70.jar:9.0.70]
	at org.apache.tomcat.util.threads.ThreadPoolExecutor$Worker.run(ThreadPoolExecutor.java:659) ~[tomcat-embed-core-9.0.70.jar:9.0.70]
	at org.apache.tomcat.util.threads.TaskThread$WrappingRunnable.run(TaskThread.java:61) ~[tomcat-embed-core-9.0.70.jar:9.0.70]
	at java.base/java.lang.Thread.run(Thread.java:833) ~[na:na]

2023-01-14 15:44:36.339  INFO 17544 --- [http-nio-9001-exec-10] i.s.userprofile.aspect.LoggingAspect     : Inside the before advice
2023-01-14 15:44:36.340  INFO 17544 --- [http-nio-9001-exec-10] i.s.userprofile.aspect.LoggingAspect     : Target method is resetPass
2023-01-14 15:44:36.609  INFO 17544 --- [http-nio-9001-exec-10] i.s.userprofile.aspect.LoggingAspect     : Inside the After Returning advice
2023-01-14 15:44:36.610  INFO 17544 --- [http-nio-9001-exec-10] i.s.userprofile.aspect.LoggingAspect     : Target method is resetPass
2023-01-14 15:44:36.611  INFO 17544 --- [http-nio-9001-exec-10] i.s.userprofile.aspect.LoggingAspect     : Returned value is <200 OK OK,in.stackroute.userprofile.model.User@6ac11279,[]>
2023-01-14 15:44:36.611  INFO 17544 --- [http-nio-9001-exec-10] i.s.userprofile.aspect.LoggingAspect     : Inside the After advice
2023-01-14 15:44:36.611  INFO 17544 --- [http-nio-9001-exec-10] i.s.userprofile.aspect.LoggingAspect     : Target method is resetPass
2023-01-14 15:44:36.611  INFO 17544 --- [http-nio-9001-exec-10] i.s.userprofile.aspect.LoggingAspect     : resetPass completed execution
2023-01-14 15:44:54.620  INFO 17544 --- [SpringApplicationShutdownHook] o.s.c.n.e.s.EurekaServiceRegistry        : Unregistering application USER-PROFILE-SERVICE with eureka with status DOWN
2023-01-14 15:44:54.621  INFO 17544 --- [SpringApplicationShutdownHook] com.netflix.discovery.DiscoveryClient    : Saw local status change event StatusChangeEvent [timestamp=1673691294621, current=DOWN, previous=UP]
2023-01-14 15:44:54.621  INFO 17544 --- [DiscoveryClient-InstanceInfoReplicator-0] com.netflix.discovery.DiscoveryClient    : DiscoveryClient_USER-PROFILE-SERVICE/host.docker.internal:user-profile-service:9001: registering service...
2023-01-14 15:44:54.715  INFO 17544 --- [SpringApplicationShutdownHook] j.LocalContainerEntityManagerFactoryBean : Closing JPA EntityManagerFactory for persistence unit 'default'
2023-01-14 15:44:54.725  INFO 17544 --- [SpringApplicationShutdownHook] com.zaxxer.hikari.HikariDataSource       : HikariPool-1 - Shutdown initiated...
2023-01-14 15:44:54.736  INFO 17544 --- [DiscoveryClient-InstanceInfoReplicator-0] com.netflix.discovery.DiscoveryClient    : DiscoveryClient_USER-PROFILE-SERVICE/host.docker.internal:user-profile-service:9001 - registration status: 204
2023-01-14 15:44:54.739  INFO 17544 --- [SpringApplicationShutdownHook] com.zaxxer.hikari.HikariDataSource       : HikariPool-1 - Shutdown completed.
2023-01-14 15:44:54.739  INFO 17544 --- [SpringApplicationShutdownHook] com.netflix.discovery.DiscoveryClient    : Shutting down DiscoveryClient ...
2023-01-14 15:44:57.751  INFO 17544 --- [SpringApplicationShutdownHook] com.netflix.discovery.DiscoveryClient    : Unregistering ...
2023-01-14 15:44:57.758  INFO 17544 --- [SpringApplicationShutdownHook] com.netflix.discovery.DiscoveryClient    : DiscoveryClient_USER-PROFILE-SERVICE/host.docker.internal:user-profile-service:9001 - deregister  status: 200
2023-01-14 15:44:57.764  INFO 17544 --- [SpringApplicationShutdownHook] com.netflix.discovery.DiscoveryClient    : Completed shut down of DiscoveryClient
2023-01-14 20:47:32.122  INFO 8124 --- [main] i.s.userprofile.UserprofileApplication   : Starting UserprofileApplication using Java 17.0.5 on LAPTOP-0JDK5SNE with PID 8124 (C:\natwest\Hackathon\mock-springboot-hackathon\contactapi\userprofile\target\classes started by Admin in C:\natwest\Hackathon\mock-springboot-hackathon\contactapi)
2023-01-14 20:47:32.138 DEBUG 8124 --- [main] i.s.userprofile.UserprofileApplication   : Running with Spring Boot v2.7.8-SNAPSHOT, Spring v5.3.24
2023-01-14 20:47:32.141  INFO 8124 --- [main] i.s.userprofile.UserprofileApplication   : No active profile set, falling back to 1 default profile: "default"
2023-01-14 20:47:34.287  INFO 8124 --- [main] .s.d.r.c.RepositoryConfigurationDelegate : Bootstrapping Spring Data JPA repositories in DEFAULT mode.
2023-01-14 20:47:34.568  INFO 8124 --- [main] .s.d.r.c.RepositoryConfigurationDelegate : Finished Spring Data repository scanning in 272 ms. Found 1 JPA repository interfaces.
2023-01-14 20:47:35.110  INFO 8124 --- [main] o.s.cloud.context.scope.GenericScope     : BeanFactory id=0ee9a9ba-5df5-3f0f-a612-7660b716ec34
2023-01-14 20:47:36.733  INFO 8124 --- [main] o.s.b.w.embedded.tomcat.TomcatWebServer  : Tomcat initialized with port(s): 9001 (http)
2023-01-14 20:47:36.736  INFO 8124 --- [main] o.a.catalina.core.AprLifecycleListener   : Loaded Apache Tomcat Native library [1.2.35] using APR version [1.7.0].
2023-01-14 20:47:36.736  INFO 8124 --- [main] o.a.catalina.core.AprLifecycleListener   : APR capabilities: IPv6 [true], sendfile [true], accept filters [false], random [true], UDS [true].
2023-01-14 20:47:36.736  INFO 8124 --- [main] o.a.catalina.core.AprLifecycleListener   : APR/OpenSSL configuration: useAprConnector [false], useOpenSSL [true]
2023-01-14 20:47:36.741  INFO 8124 --- [main] o.a.catalina.core.AprLifecycleListener   : OpenSSL successfully initialized [OpenSSL 1.1.1q  5 Jul 2022]
2023-01-14 20:47:36.765  INFO 8124 --- [main] o.apache.catalina.core.StandardService   : Starting service [Tomcat]
2023-01-14 20:47:36.766  INFO 8124 --- [main] org.apache.catalina.core.StandardEngine  : Starting Servlet engine: [Apache Tomcat/9.0.70]
2023-01-14 20:47:37.234  INFO 8124 --- [main] o.a.c.c.C.[Tomcat].[localhost].[/]       : Initializing Spring embedded WebApplicationContext
2023-01-14 20:47:37.237  INFO 8124 --- [main] w.s.c.ServletWebServerApplicationContext : Root WebApplicationContext: initialization completed in 4828 ms
2023-01-14 20:47:38.057  INFO 8124 --- [main] o.hibernate.jpa.internal.util.LogHelper  : HHH000204: Processing PersistenceUnitInfo [name: default]
2023-01-14 20:47:38.160  INFO 8124 --- [main] org.hibernate.Version                    : HHH000412: Hibernate ORM core version 5.6.14.Final
2023-01-14 20:47:38.731  INFO 8124 --- [main] o.hibernate.annotations.common.Version   : HCANN000001: Hibernate Commons Annotations {5.1.2.Final}
2023-01-14 20:47:38.930  INFO 8124 --- [main] com.zaxxer.hikari.HikariDataSource       : HikariPool-1 - Starting...
2023-01-14 20:47:41.862  INFO 8124 --- [main] com.zaxxer.hikari.HikariDataSource       : HikariPool-1 - Start completed.
2023-01-14 20:47:41.936  INFO 8124 --- [main] org.hibernate.dialect.Dialect            : HHH000400: Using dialect: org.hibernate.dialect.MySQL8Dialect
2023-01-14 20:47:43.913  INFO 8124 --- [main] o.h.e.t.j.p.i.JtaPlatformInitiator       : HHH000490: Using JtaPlatform implementation: [org.hibernate.engine.transaction.jta.platform.internal.NoJtaPlatform]
2023-01-14 20:47:43.925  INFO 8124 --- [main] j.LocalContainerEntityManagerFactoryBean : Initialized JPA EntityManagerFactory for persistence unit 'default'
2023-01-14 20:47:44.218  WARN 8124 --- [main] JpaBaseConfiguration$JpaWebConfiguration : spring.jpa.open-in-view is enabled by default. Therefore, database queries may be performed during view rendering. Explicitly configure spring.jpa.open-in-view to disable this warning
2023-01-14 20:47:44.818  INFO 8124 --- [main] o.s.c.openfeign.FeignClientFactoryBean   : For 'contacts-service' URL not provided. Will try picking an instance via load-balancing.
2023-01-14 20:47:49.467  INFO 8124 --- [main] DiscoveryClientOptionalArgsConfiguration : Eureka HTTP Client uses RestTemplate.
2023-01-14 20:47:49.954  WARN 8124 --- [main] iguration$LoadBalancerCaffeineWarnLogger : Spring Cloud LoadBalancer is currently working with the default cache. While this cache implementation is useful for development and tests, it's recommended to use Caffeine cache in production.You can switch to using Caffeine cache, by adding it and org.springframework.cache.caffeine.CaffeineCacheManager to the classpath.
2023-01-14 20:47:50.031  INFO 8124 --- [main] o.s.c.n.eureka.InstanceInfoFactory       : Setting initial instance status as: STARTING
2023-01-14 20:47:50.684  INFO 8124 --- [main] com.netflix.discovery.DiscoveryClient    : Initializing Eureka in region us-east-1
2023-01-14 20:47:50.764  INFO 8124 --- [main] c.n.d.s.r.aws.ConfigClusterResolver      : Resolving eureka endpoints via configuration
2023-01-14 20:47:50.918  INFO 8124 --- [main] com.netflix.discovery.DiscoveryClient    : Disable delta property : false
2023-01-14 20:47:50.918  INFO 8124 --- [main] com.netflix.discovery.DiscoveryClient    : Single vip registry refresh property : null
2023-01-14 20:47:50.918  INFO 8124 --- [main] com.netflix.discovery.DiscoveryClient    : Force full registry fetch : false
2023-01-14 20:47:50.918  INFO 8124 --- [main] com.netflix.discovery.DiscoveryClient    : Application is null : false
2023-01-14 20:47:50.919  INFO 8124 --- [main] com.netflix.discovery.DiscoveryClient    : Registered Applications size is zero : true
2023-01-14 20:47:50.919  INFO 8124 --- [main] com.netflix.discovery.DiscoveryClient    : Application version is -1: true
2023-01-14 20:47:50.930  INFO 8124 --- [main] com.netflix.discovery.DiscoveryClient    : Getting all instance registry info from the eureka server
2023-01-14 20:47:52.504  INFO 8124 --- [main] c.n.d.s.t.d.RedirectingEurekaHttpClient  : Request execution error. endpoint=DefaultEndpoint{ serviceUrl='http://localhost:8761/eureka/}, exception=I/O error on GET request for "http://localhost:8761/eureka/apps/": Connect to localhost:8761 [localhost/127.0.0.1, localhost/0:0:0:0:0:0:0:1] failed: Connection refused: connect; nested exception is org.apache.http.conn.HttpHostConnectException: Connect to localhost:8761 [localhost/127.0.0.1, localhost/0:0:0:0:0:0:0:1] failed: Connection refused: connect stacktrace=org.springframework.web.client.ResourceAccessException: I/O error on GET request for "http://localhost:8761/eureka/apps/": Connect to localhost:8761 [localhost/127.0.0.1, localhost/0:0:0:0:0:0:0:1] failed: Connection refused: connect; nested exception is org.apache.http.conn.HttpHostConnectException: Connect to localhost:8761 [localhost/127.0.0.1, localhost/0:0:0:0:0:0:0:1] failed: Connection refused: connect
	at org.springframework.web.client.RestTemplate.doExecute(RestTemplate.java:791)
	at org.springframework.web.client.RestTemplate.execute(RestTemplate.java:717)
	at org.springframework.web.client.RestTemplate.exchange(RestTemplate.java:608)
	at org.springframework.cloud.netflix.eureka.http.RestTemplateEurekaHttpClient.getApplicationsInternal(RestTemplateEurekaHttpClient.java:145)
	at org.springframework.cloud.netflix.eureka.http.RestTemplateEurekaHttpClient.getApplications(RestTemplateEurekaHttpClient.java:135)
	at com.netflix.discovery.shared.transport.decorator.EurekaHttpClientDecorator$6.execute(EurekaHttpClientDecorator.java:137)
	at com.netflix.discovery.shared.transport.decorator.RedirectingEurekaHttpClient.executeOnNewServer(RedirectingEurekaHttpClient.java:121)
	at com.netflix.discovery.shared.transport.decorator.RedirectingEurekaHttpClient.execute(RedirectingEurekaHttpClient.java:80)
	at com.netflix.discovery.shared.transport.decorator.EurekaHttpClientDecorator.getApplications(EurekaHttpClientDecorator.java:134)
	at com.netflix.discovery.shared.transport.decorator.EurekaHttpClientDecorator$6.execute(EurekaHttpClientDecorator.java:137)
	at com.netflix.discovery.shared.transport.decorator.RetryableEurekaHttpClient.execute(RetryableEurekaHttpClient.java:120)
	at com.netflix.discovery.shared.transport.decorator.EurekaHttpClientDecorator.getApplications(EurekaHttpClientDecorator.java:134)
	at com.netflix.discovery.shared.transport.decorator.EurekaHttpClientDecorator$6.execute(EurekaHttpClientDecorator.java:137)
	at com.netflix.discovery.shared.transport.decorator.SessionedEurekaHttpClient.execute(SessionedEurekaHttpClient.java:77)
	at com.netflix.discovery.shared.transport.decorator.EurekaHttpClientDecorator.getApplications(EurekaHttpClientDecorator.java:134)
	at com.netflix.discovery.DiscoveryClient.getAndStoreFullRegistry(DiscoveryClient.java:1101)
	at com.netflix.discovery.DiscoveryClient.fetchRegistry(DiscoveryClient.java:1014)
	at com.netflix.discovery.DiscoveryClient.<init>(DiscoveryClient.java:441)
	at com.netflix.discovery.DiscoveryClient.<init>(DiscoveryClient.java:283)
	at com.netflix.discovery.DiscoveryClient.<init>(DiscoveryClient.java:279)
	at org.springframework.cloud.netflix.eureka.CloudEurekaClient.<init>(CloudEurekaClient.java:66)
	at org.springframework.cloud.netflix.eureka.EurekaClientAutoConfiguration$RefreshableEurekaClientConfiguration.eurekaClient(EurekaClientAutoConfiguration.java:295)
	at java.base/jdk.internal.reflect.NativeMethodAccessorImpl.invoke0(Native Method)
	at java.base/jdk.internal.reflect.NativeMethodAccessorImpl.invoke(NativeMethodAccessorImpl.java:77)
	at java.base/jdk.internal.reflect.DelegatingMethodAccessorImpl.invoke(DelegatingMethodAccessorImpl.java:43)
	at java.base/java.lang.reflect.Method.invoke(Method.java:568)
	at org.springframework.beans.factory.support.SimpleInstantiationStrategy.instantiate(SimpleInstantiationStrategy.java:154)
	at org.springframework.beans.factory.support.ConstructorResolver.instantiate(ConstructorResolver.java:653)
	at org.springframework.beans.factory.support.ConstructorResolver.instantiateUsingFactoryMethod(ConstructorResolver.java:638)
	at org.springframework.beans.factory.support.AbstractAutowireCapableBeanFactory.instantiateUsingFactoryMethod(AbstractAutowireCapableBeanFactory.java:1352)
	at org.springframework.beans.factory.support.AbstractAutowireCapableBeanFactory.createBeanInstance(AbstractAutowireCapableBeanFactory.java:1195)
	at org.springframework.beans.factory.support.AbstractAutowireCapableBeanFactory.doCreateBean(AbstractAutowireCapableBeanFactory.java:582)
	at org.springframework.beans.factory.support.AbstractAutowireCapableBeanFactory.createBean(AbstractAutowireCapableBeanFactory.java:542)
	at org.springframework.beans.factory.support.AbstractBeanFactory.lambda$doGetBean$1(AbstractBeanFactory.java:374)
	at org.springframework.cloud.context.scope.GenericScope$BeanLifecycleWrapper.getBean(GenericScope.java:376)
	at org.springframework.cloud.context.scope.GenericScope.get(GenericScope.java:179)
	at org.springframework.beans.factory.support.AbstractBeanFactory.doGetBean(AbstractBeanFactory.java:371)
	at org.springframework.beans.factory.support.AbstractBeanFactory.getBean(AbstractBeanFactory.java:208)
	at org.springframework.aop.target.SimpleBeanTargetSource.getTarget(SimpleBeanTargetSource.java:35)
	at org.springframework.cloud.netflix.eureka.serviceregistry.EurekaRegistration.getTargetObject(EurekaRegistration.java:127)
	at org.springframework.cloud.netflix.eureka.serviceregistry.EurekaRegistration.getEurekaClient(EurekaRegistration.java:115)
	at java.base/jdk.internal.reflect.NativeMethodAccessorImpl.invoke0(Native Method)
	at java.base/jdk.internal.reflect.NativeMethodAccessorImpl.invoke(NativeMethodAccessorImpl.java:77)
	at java.base/jdk.internal.reflect.DelegatingMethodAccessorImpl.invoke(DelegatingMethodAccessorImpl.java:43)
	at java.base/java.lang.reflect.Method.invoke(Method.java:568)
	at org.springframework.util.ReflectionUtils.invokeMethod(ReflectionUtils.java:282)
	at org.springframework.cloud.context.scope.GenericScope$LockedScopedProxyFactoryBean.invoke(GenericScope.java:485)
	at org.springframework.aop.framework.ReflectiveMethodInvocation.proceed(ReflectiveMethodInvocation.java:186)
	at org.springframework.aop.framework.CglibAopProxy$CglibMethodInvocation.proceed(CglibAopProxy.java:763)
	at org.springframework.aop.framework.CglibAopProxy$DynamicAdvisedInterceptor.intercept(CglibAopProxy.java:708)
	at org.springframework.cloud.netflix.eureka.serviceregistry.EurekaRegistration$$EnhancerBySpringCGLIB$$25609784.getEurekaClient(<generated>)
	at org.springframework.cloud.netflix.eureka.serviceregistry.EurekaServiceRegistry.maybeInitializeClient(EurekaServiceRegistry.java:54)
	at org.springframework.cloud.netflix.eureka.serviceregistry.EurekaServiceRegistry.register(EurekaServiceRegistry.java:38)
	at org.springframework.cloud.netflix.eureka.serviceregistry.EurekaAutoServiceRegistration.start(EurekaAutoServiceRegistration.java:83)
	at org.springframework.context.support.DefaultLifecycleProcessor.doStart(DefaultLifecycleProcessor.java:178)
	at org.springframework.context.support.DefaultLifecycleProcessor.access$200(DefaultLifecycleProcessor.java:54)
	at org.springframework.context.support.DefaultLifecycleProcessor$LifecycleGroup.start(DefaultLifecycleProcessor.java:356)
	at java.base/java.lang.Iterable.forEach(Iterable.java:75)
	at org.springframework.context.support.DefaultLifecycleProcessor.startBeans(DefaultLifecycleProcessor.java:155)
	at org.springframework.context.support.DefaultLifecycleProcessor.onRefresh(DefaultLifecycleProcessor.java:123)
	at org.springframework.context.support.AbstractApplicationContext.finishRefresh(AbstractApplicationContext.java:935)
	at org.springframework.context.support.AbstractApplicationContext.refresh(AbstractApplicationContext.java:586)
	at org.springframework.boot.web.servlet.context.ServletWebServerApplicationContext.refresh(ServletWebServerApplicationContext.java:147)
	at org.springframework.boot.SpringApplication.refresh(SpringApplication.java:731)
	at org.springframework.boot.SpringApplication.refreshContext(SpringApplication.java:408)
	at org.springframework.boot.SpringApplication.run(SpringApplication.java:307)
	at org.springframework.boot.SpringApplication.run(SpringApplication.java:1303)
	at org.springframework.boot.SpringApplication.run(SpringApplication.java:1292)
	at in.stackroute.userprofile.UserprofileApplication.main(UserprofileApplication.java:18)
Caused by: org.apache.http.conn.HttpHostConnectException: Connect to localhost:8761 [localhost/127.0.0.1, localhost/0:0:0:0:0:0:0:1] failed: Connection refused: connect
	at org.apache.http.impl.conn.DefaultHttpClientConnectionOperator.connect(DefaultHttpClientConnectionOperator.java:156)
	at org.apache.http.impl.conn.PoolingHttpClientConnectionManager.connect(PoolingHttpClientConnectionManager.java:376)
	at org.apache.http.impl.execchain.MainClientExec.establishRoute(MainClientExec.java:393)
	at org.apache.http.impl.execchain.MainClientExec.execute(MainClientExec.java:236)
	at org.apache.http.impl.execchain.ProtocolExec.execute(ProtocolExec.java:186)
	at org.apache.http.impl.execchain.RetryExec.execute(RetryExec.java:89)
	at org.apache.http.impl.execchain.RedirectExec.execute(RedirectExec.java:110)
	at org.apache.http.impl.client.InternalHttpClient.doExecute(InternalHttpClient.java:185)
	at org.apache.http.impl.client.CloseableHttpClient.execute(CloseableHttpClient.java:83)
	at org.apache.http.impl.client.CloseableHttpClient.execute(CloseableHttpClient.java:56)
	at org.springframework.http.client.HttpComponentsClientHttpRequest.executeInternal(HttpComponentsClientHttpRequest.java:87)
	at org.springframework.http.client.AbstractBufferingClientHttpRequest.executeInternal(AbstractBufferingClientHttpRequest.java:48)
	at org.springframework.http.client.AbstractClientHttpRequest.execute(AbstractClientHttpRequest.java:66)
	at org.springframework.web.client.RestTemplate.doExecute(RestTemplate.java:782)
	... 68 more
Caused by: java.net.ConnectException: Connection refused: connect
	at java.base/sun.nio.ch.Net.connect0(Native Method)
	at java.base/sun.nio.ch.Net.connect(Net.java:579)
	at java.base/sun.nio.ch.Net.connect(Net.java:568)
	at java.base/sun.nio.ch.NioSocketImpl.connect(NioSocketImpl.java:588)
	at java.base/java.net.SocksSocketImpl.connect(SocksSocketImpl.java:327)
	at java.base/java.net.Socket.connect(Socket.java:633)
	at org.apache.http.conn.socket.PlainConnectionSocketFactory.connectSocket(PlainConnectionSocketFactory.java:75)
	at org.apache.http.impl.conn.DefaultHttpClientConnectionOperator.connect(DefaultHttpClientConnectionOperator.java:142)
	... 81 more

2023-01-14 20:47:52.511  WARN 8124 --- [main] c.n.d.s.t.d.RetryableEurekaHttpClient    : Request execution failed with message: I/O error on GET request for "http://localhost:8761/eureka/apps/": Connect to localhost:8761 [localhost/127.0.0.1, localhost/0:0:0:0:0:0:0:1] failed: Connection refused: connect; nested exception is org.apache.http.conn.HttpHostConnectException: Connect to localhost:8761 [localhost/127.0.0.1, localhost/0:0:0:0:0:0:0:1] failed: Connection refused: connect
2023-01-14 20:47:52.512  INFO 8124 --- [main] com.netflix.discovery.DiscoveryClient    : DiscoveryClient_USER-PROFILE-SERVICE/host.docker.internal:user-profile-service:9001 - was unable to refresh its cache! This periodic background refresh will be retried in 30 seconds. status = Cannot execute request on any known server stacktrace = com.netflix.discovery.shared.transport.TransportException: Cannot execute request on any known server
	at com.netflix.discovery.shared.transport.decorator.RetryableEurekaHttpClient.execute(RetryableEurekaHttpClient.java:112)
	at com.netflix.discovery.shared.transport.decorator.EurekaHttpClientDecorator.getApplications(EurekaHttpClientDecorator.java:134)
	at com.netflix.discovery.shared.transport.decorator.EurekaHttpClientDecorator$6.execute(EurekaHttpClientDecorator.java:137)
	at com.netflix.discovery.shared.transport.decorator.SessionedEurekaHttpClient.execute(SessionedEurekaHttpClient.java:77)
	at com.netflix.discovery.shared.transport.decorator.EurekaHttpClientDecorator.getApplications(EurekaHttpClientDecorator.java:134)
	at com.netflix.discovery.DiscoveryClient.getAndStoreFullRegistry(DiscoveryClient.java:1101)
	at com.netflix.discovery.DiscoveryClient.fetchRegistry(DiscoveryClient.java:1014)
	at com.netflix.discovery.DiscoveryClient.<init>(DiscoveryClient.java:441)
	at com.netflix.discovery.DiscoveryClient.<init>(DiscoveryClient.java:283)
	at com.netflix.discovery.DiscoveryClient.<init>(DiscoveryClient.java:279)
	at org.springframework.cloud.netflix.eureka.CloudEurekaClient.<init>(CloudEurekaClient.java:66)
	at org.springframework.cloud.netflix.eureka.EurekaClientAutoConfiguration$RefreshableEurekaClientConfiguration.eurekaClient(EurekaClientAutoConfiguration.java:295)
	at java.base/jdk.internal.reflect.NativeMethodAccessorImpl.invoke0(Native Method)
	at java.base/jdk.internal.reflect.NativeMethodAccessorImpl.invoke(NativeMethodAccessorImpl.java:77)
	at java.base/jdk.internal.reflect.DelegatingMethodAccessorImpl.invoke(DelegatingMethodAccessorImpl.java:43)
	at java.base/java.lang.reflect.Method.invoke(Method.java:568)
	at org.springframework.beans.factory.support.SimpleInstantiationStrategy.instantiate(SimpleInstantiationStrategy.java:154)
	at org.springframework.beans.factory.support.ConstructorResolver.instantiate(ConstructorResolver.java:653)
	at org.springframework.beans.factory.support.ConstructorResolver.instantiateUsingFactoryMethod(ConstructorResolver.java:638)
	at org.springframework.beans.factory.support.AbstractAutowireCapableBeanFactory.instantiateUsingFactoryMethod(AbstractAutowireCapableBeanFactory.java:1352)
	at org.springframework.beans.factory.support.AbstractAutowireCapableBeanFactory.createBeanInstance(AbstractAutowireCapableBeanFactory.java:1195)
	at org.springframework.beans.factory.support.AbstractAutowireCapableBeanFactory.doCreateBean(AbstractAutowireCapableBeanFactory.java:582)
	at org.springframework.beans.factory.support.AbstractAutowireCapableBeanFactory.createBean(AbstractAutowireCapableBeanFactory.java:542)
	at org.springframework.beans.factory.support.AbstractBeanFactory.lambda$doGetBean$1(AbstractBeanFactory.java:374)
	at org.springframework.cloud.context.scope.GenericScope$BeanLifecycleWrapper.getBean(GenericScope.java:376)
	at org.springframework.cloud.context.scope.GenericScope.get(GenericScope.java:179)
	at org.springframework.beans.factory.support.AbstractBeanFactory.doGetBean(AbstractBeanFactory.java:371)
	at org.springframework.beans.factory.support.AbstractBeanFactory.getBean(AbstractBeanFactory.java:208)
	at org.springframework.aop.target.SimpleBeanTargetSource.getTarget(SimpleBeanTargetSource.java:35)
	at org.springframework.cloud.netflix.eureka.serviceregistry.EurekaRegistration.getTargetObject(EurekaRegistration.java:127)
	at org.springframework.cloud.netflix.eureka.serviceregistry.EurekaRegistration.getEurekaClient(EurekaRegistration.java:115)
	at java.base/jdk.internal.reflect.NativeMethodAccessorImpl.invoke0(Native Method)
	at java.base/jdk.internal.reflect.NativeMethodAccessorImpl.invoke(NativeMethodAccessorImpl.java:77)
	at java.base/jdk.internal.reflect.DelegatingMethodAccessorImpl.invoke(DelegatingMethodAccessorImpl.java:43)
	at java.base/java.lang.reflect.Method.invoke(Method.java:568)
	at org.springframework.util.ReflectionUtils.invokeMethod(ReflectionUtils.java:282)
	at org.springframework.cloud.context.scope.GenericScope$LockedScopedProxyFactoryBean.invoke(GenericScope.java:485)
	at org.springframework.aop.framework.ReflectiveMethodInvocation.proceed(ReflectiveMethodInvocation.java:186)
	at org.springframework.aop.framework.CglibAopProxy$CglibMethodInvocation.proceed(CglibAopProxy.java:763)
	at org.springframework.aop.framework.CglibAopProxy$DynamicAdvisedInterceptor.intercept(CglibAopProxy.java:708)
	at org.springframework.cloud.netflix.eureka.serviceregistry.EurekaRegistration$$EnhancerBySpringCGLIB$$25609784.getEurekaClient(<generated>)
	at org.springframework.cloud.netflix.eureka.serviceregistry.EurekaServiceRegistry.maybeInitializeClient(EurekaServiceRegistry.java:54)
	at org.springframework.cloud.netflix.eureka.serviceregistry.EurekaServiceRegistry.register(EurekaServiceRegistry.java:38)
	at org.springframework.cloud.netflix.eureka.serviceregistry.EurekaAutoServiceRegistration.start(EurekaAutoServiceRegistration.java:83)
	at org.springframework.context.support.DefaultLifecycleProcessor.doStart(DefaultLifecycleProcessor.java:178)
	at org.springframework.context.support.DefaultLifecycleProcessor.access$200(DefaultLifecycleProcessor.java:54)
	at org.springframework.context.support.DefaultLifecycleProcessor$LifecycleGroup.start(DefaultLifecycleProcessor.java:356)
	at java.base/java.lang.Iterable.forEach(Iterable.java:75)
	at org.springframework.context.support.DefaultLifecycleProcessor.startBeans(DefaultLifecycleProcessor.java:155)
	at org.springframework.context.support.DefaultLifecycleProcessor.onRefresh(DefaultLifecycleProcessor.java:123)
	at org.springframework.context.support.AbstractApplicationContext.finishRefresh(AbstractApplicationContext.java:935)
	at org.springframework.context.support.AbstractApplicationContext.refresh(AbstractApplicationContext.java:586)
	at org.springframework.boot.web.servlet.context.ServletWebServerApplicationContext.refresh(ServletWebServerApplicationContext.java:147)
	at org.springframework.boot.SpringApplication.refresh(SpringApplication.java:731)
	at org.springframework.boot.SpringApplication.refreshContext(SpringApplication.java:408)
	at org.springframework.boot.SpringApplication.run(SpringApplication.java:307)
	at org.springframework.boot.SpringApplication.run(SpringApplication.java:1303)
	at org.springframework.boot.SpringApplication.run(SpringApplication.java:1292)
	at in.stackroute.userprofile.UserprofileApplication.main(UserprofileApplication.java:18)

2023-01-14 20:47:52.514  INFO 8124 --- [main] com.netflix.discovery.DiscoveryClient    : Initial registry fetch from primary servers failed
2023-01-14 20:47:52.514  WARN 8124 --- [main] com.netflix.discovery.DiscoveryClient    : Using default backup registry implementation which does not do anything.
2023-01-14 20:47:52.515  INFO 8124 --- [main] com.netflix.discovery.DiscoveryClient    : Initial registry fetch from backup servers failed
2023-01-14 20:47:52.521  INFO 8124 --- [main] com.netflix.discovery.DiscoveryClient    : Starting heartbeat executor: renew interval is: 30
2023-01-14 20:47:52.563  INFO 8124 --- [main] c.n.discovery.InstanceInfoReplicator     : InstanceInfoReplicator onDemand update allowed rate per min is 4
2023-01-14 20:47:52.603  INFO 8124 --- [main] com.netflix.discovery.DiscoveryClient    : Discovery Client initialized at timestamp 1673709472571 with initial instances count: 0
2023-01-14 20:47:52.609  INFO 8124 --- [main] o.s.c.n.e.s.EurekaServiceRegistry        : Registering application USER-PROFILE-SERVICE with eureka with status UP
2023-01-14 20:47:52.611  INFO 8124 --- [main] com.netflix.discovery.DiscoveryClient    : Saw local status change event StatusChangeEvent [timestamp=1673709472611, current=UP, previous=STARTING]
2023-01-14 20:47:52.614  INFO 8124 --- [DiscoveryClient-InstanceInfoReplicator-0] com.netflix.discovery.DiscoveryClient    : DiscoveryClient_USER-PROFILE-SERVICE/host.docker.internal:user-profile-service:9001: registering service...
2023-01-14 20:47:52.783  INFO 8124 --- [main] o.s.b.w.embedded.tomcat.TomcatWebServer  : Tomcat started on port(s): 9001 (http) with context path ''
2023-01-14 20:47:52.786  INFO 8124 --- [main] .s.c.n.e.s.EurekaAutoServiceRegistration : Updating port to 9001
2023-01-14 20:47:52.881  INFO 8124 --- [DiscoveryClient-InstanceInfoReplicator-0] c.n.d.s.t.d.RedirectingEurekaHttpClient  : Request execution error. endpoint=DefaultEndpoint{ serviceUrl='http://localhost:8761/eureka/}, exception=I/O error on POST request for "http://localhost:8761/eureka/apps/USER-PROFILE-SERVICE": Connect to localhost:8761 [localhost/127.0.0.1, localhost/0:0:0:0:0:0:0:1] failed: Connection refused: connect; nested exception is org.apache.http.conn.HttpHostConnectException: Connect to localhost:8761 [localhost/127.0.0.1, localhost/0:0:0:0:0:0:0:1] failed: Connection refused: connect stacktrace=org.springframework.web.client.ResourceAccessException: I/O error on POST request for "http://localhost:8761/eureka/apps/USER-PROFILE-SERVICE": Connect to localhost:8761 [localhost/127.0.0.1, localhost/0:0:0:0:0:0:0:1] failed: Connection refused: connect; nested exception is org.apache.http.conn.HttpHostConnectException: Connect to localhost:8761 [localhost/127.0.0.1, localhost/0:0:0:0:0:0:0:1] failed: Connection refused: connect
	at org.springframework.web.client.RestTemplate.doExecute(RestTemplate.java:791)
	at org.springframework.web.client.RestTemplate.execute(RestTemplate.java:717)
	at org.springframework.web.client.RestTemplate.exchange(RestTemplate.java:608)
	at org.springframework.cloud.netflix.eureka.http.RestTemplateEurekaHttpClient.register(RestTemplateEurekaHttpClient.java:77)
	at com.netflix.discovery.shared.transport.decorator.EurekaHttpClientDecorator$1.execute(EurekaHttpClientDecorator.java:59)
	at com.netflix.discovery.shared.transport.decorator.RedirectingEurekaHttpClient.executeOnNewServer(RedirectingEurekaHttpClient.java:121)
	at com.netflix.discovery.shared.transport.decorator.RedirectingEurekaHttpClient.execute(RedirectingEurekaHttpClient.java:80)
	at com.netflix.discovery.shared.transport.decorator.EurekaHttpClientDecorator.register(EurekaHttpClientDecorator.java:56)
	at com.netflix.discovery.shared.transport.decorator.EurekaHttpClientDecorator$1.execute(EurekaHttpClientDecorator.java:59)
	at com.netflix.discovery.shared.transport.decorator.RetryableEurekaHttpClient.execute(RetryableEurekaHttpClient.java:120)
	at com.netflix.discovery.shared.transport.decorator.EurekaHttpClientDecorator.register(EurekaHttpClientDecorator.java:56)
	at com.netflix.discovery.shared.transport.decorator.EurekaHttpClientDecorator$1.execute(EurekaHttpClientDecorator.java:59)
	at com.netflix.discovery.shared.transport.decorator.SessionedEurekaHttpClient.execute(SessionedEurekaHttpClient.java:77)
	at com.netflix.discovery.shared.transport.decorator.EurekaHttpClientDecorator.register(EurekaHttpClientDecorator.java:56)
	at com.netflix.discovery.DiscoveryClient.register(DiscoveryClient.java:876)
	at com.netflix.discovery.InstanceInfoReplicator.run(InstanceInfoReplicator.java:121)
	at com.netflix.discovery.InstanceInfoReplicator$1.run(InstanceInfoReplicator.java:101)
	at java.base/java.util.concurrent.Executors$RunnableAdapter.call(Executors.java:539)
	at java.base/java.util.concurrent.FutureTask.run(FutureTask.java:264)
	at java.base/java.util.concurrent.ScheduledThreadPoolExecutor$ScheduledFutureTask.run(ScheduledThreadPoolExecutor.java:304)
	at java.base/java.util.concurrent.ThreadPoolExecutor.runWorker(ThreadPoolExecutor.java:1136)
	at java.base/java.util.concurrent.ThreadPoolExecutor$Worker.run(ThreadPoolExecutor.java:635)
	at java.base/java.lang.Thread.run(Thread.java:833)
Caused by: org.apache.http.conn.HttpHostConnectException: Connect to localhost:8761 [localhost/127.0.0.1, localhost/0:0:0:0:0:0:0:1] failed: Connection refused: connect
	at org.apache.http.impl.conn.DefaultHttpClientConnectionOperator.connect(DefaultHttpClientConnectionOperator.java:156)
	at org.apache.http.impl.conn.PoolingHttpClientConnectionManager.connect(PoolingHttpClientConnectionManager.java:376)
	at org.apache.http.impl.execchain.MainClientExec.establishRoute(MainClientExec.java:393)
	at org.apache.http.impl.execchain.MainClientExec.execute(MainClientExec.java:236)
	at org.apache.http.impl.execchain.ProtocolExec.execute(ProtocolExec.java:186)
	at org.apache.http.impl.execchain.RetryExec.execute(RetryExec.java:89)
	at org.apache.http.impl.execchain.RedirectExec.execute(RedirectExec.java:110)
	at org.apache.http.impl.client.InternalHttpClient.doExecute(InternalHttpClient.java:185)
	at org.apache.http.impl.client.CloseableHttpClient.execute(CloseableHttpClient.java:83)
	at org.apache.http.impl.client.CloseableHttpClient.execute(CloseableHttpClient.java:56)
	at org.springframework.http.client.HttpComponentsClientHttpRequest.executeInternal(HttpComponentsClientHttpRequest.java:87)
	at org.springframework.http.client.AbstractBufferingClientHttpRequest.executeInternal(AbstractBufferingClientHttpRequest.java:48)
	at org.springframework.http.client.AbstractClientHttpRequest.execute(AbstractClientHttpRequest.java:66)
	at org.springframework.web.client.RestTemplate.doExecute(RestTemplate.java:782)
	... 22 more
Caused by: java.net.ConnectException: Connection refused: connect
	at java.base/sun.nio.ch.Net.connect0(Native Method)
	at java.base/sun.nio.ch.Net.connect(Net.java:579)
	at java.base/sun.nio.ch.Net.connect(Net.java:568)
	at java.base/sun.nio.ch.NioSocketImpl.connect(NioSocketImpl.java:588)
	at java.base/java.net.SocksSocketImpl.connect(SocksSocketImpl.java:327)
	at java.base/java.net.Socket.connect(Socket.java:633)
	at org.apache.http.conn.socket.PlainConnectionSocketFactory.connectSocket(PlainConnectionSocketFactory.java:75)
	at org.apache.http.impl.conn.DefaultHttpClientConnectionOperator.connect(DefaultHttpClientConnectionOperator.java:142)
	... 35 more

2023-01-14 20:47:52.884  WARN 8124 --- [DiscoveryClient-InstanceInfoReplicator-0] c.n.d.s.t.d.RetryableEurekaHttpClient    : Request execution failed with message: I/O error on POST request for "http://localhost:8761/eureka/apps/USER-PROFILE-SERVICE": Connect to localhost:8761 [localhost/127.0.0.1, localhost/0:0:0:0:0:0:0:1] failed: Connection refused: connect; nested exception is org.apache.http.conn.HttpHostConnectException: Connect to localhost:8761 [localhost/127.0.0.1, localhost/0:0:0:0:0:0:0:1] failed: Connection refused: connect
2023-01-14 20:47:52.978  WARN 8124 --- [DiscoveryClient-InstanceInfoReplicator-0] com.netflix.discovery.DiscoveryClient    : DiscoveryClient_USER-PROFILE-SERVICE/host.docker.internal:user-profile-service:9001 - registration failed Cannot execute request on any known server

com.netflix.discovery.shared.transport.TransportException: Cannot execute request on any known server
	at com.netflix.discovery.shared.transport.decorator.RetryableEurekaHttpClient.execute(RetryableEurekaHttpClient.java:112) ~[eureka-client-1.10.17.jar:1.10.17]
	at com.netflix.discovery.shared.transport.decorator.EurekaHttpClientDecorator.register(EurekaHttpClientDecorator.java:56) ~[eureka-client-1.10.17.jar:1.10.17]
	at com.netflix.discovery.shared.transport.decorator.EurekaHttpClientDecorator$1.execute(EurekaHttpClientDecorator.java:59) ~[eureka-client-1.10.17.jar:1.10.17]
	at com.netflix.discovery.shared.transport.decorator.SessionedEurekaHttpClient.execute(SessionedEurekaHttpClient.java:77) ~[eureka-client-1.10.17.jar:1.10.17]
	at com.netflix.discovery.shared.transport.decorator.EurekaHttpClientDecorator.register(EurekaHttpClientDecorator.java:56) ~[eureka-client-1.10.17.jar:1.10.17]
	at com.netflix.discovery.DiscoveryClient.register(DiscoveryClient.java:876) ~[eureka-client-1.10.17.jar:1.10.17]
	at com.netflix.discovery.InstanceInfoReplicator.run(InstanceInfoReplicator.java:121) ~[eureka-client-1.10.17.jar:1.10.17]
	at com.netflix.discovery.InstanceInfoReplicator$1.run(InstanceInfoReplicator.java:101) ~[eureka-client-1.10.17.jar:1.10.17]
	at java.base/java.util.concurrent.Executors$RunnableAdapter.call(Executors.java:539) ~[na:na]
	at java.base/java.util.concurrent.FutureTask.run(FutureTask.java:264) ~[na:na]
	at java.base/java.util.concurrent.ScheduledThreadPoolExecutor$ScheduledFutureTask.run(ScheduledThreadPoolExecutor.java:304) ~[na:na]
	at java.base/java.util.concurrent.ThreadPoolExecutor.runWorker(ThreadPoolExecutor.java:1136) ~[na:na]
	at java.base/java.util.concurrent.ThreadPoolExecutor$Worker.run(ThreadPoolExecutor.java:635) ~[na:na]
	at java.base/java.lang.Thread.run(Thread.java:833) ~[na:na]

2023-01-14 20:47:52.980  WARN 8124 --- [DiscoveryClient-InstanceInfoReplicator-0] c.n.discovery.InstanceInfoReplicator     : There was a problem with the instance info replicator

com.netflix.discovery.shared.transport.TransportException: Cannot execute request on any known server
	at com.netflix.discovery.shared.transport.decorator.RetryableEurekaHttpClient.execute(RetryableEurekaHttpClient.java:112) ~[eureka-client-1.10.17.jar:1.10.17]
	at com.netflix.discovery.shared.transport.decorator.EurekaHttpClientDecorator.register(EurekaHttpClientDecorator.java:56) ~[eureka-client-1.10.17.jar:1.10.17]
	at com.netflix.discovery.shared.transport.decorator.EurekaHttpClientDecorator$1.execute(EurekaHttpClientDecorator.java:59) ~[eureka-client-1.10.17.jar:1.10.17]
	at com.netflix.discovery.shared.transport.decorator.SessionedEurekaHttpClient.execute(SessionedEurekaHttpClient.java:77) ~[eureka-client-1.10.17.jar:1.10.17]
	at com.netflix.discovery.shared.transport.decorator.EurekaHttpClientDecorator.register(EurekaHttpClientDecorator.java:56) ~[eureka-client-1.10.17.jar:1.10.17]
	at com.netflix.discovery.DiscoveryClient.register(DiscoveryClient.java:876) ~[eureka-client-1.10.17.jar:1.10.17]
	at com.netflix.discovery.InstanceInfoReplicator.run(InstanceInfoReplicator.java:121) ~[eureka-client-1.10.17.jar:1.10.17]
	at com.netflix.discovery.InstanceInfoReplicator$1.run(InstanceInfoReplicator.java:101) ~[eureka-client-1.10.17.jar:1.10.17]
	at java.base/java.util.concurrent.Executors$RunnableAdapter.call(Executors.java:539) ~[na:na]
	at java.base/java.util.concurrent.FutureTask.run(FutureTask.java:264) ~[na:na]
	at java.base/java.util.concurrent.ScheduledThreadPoolExecutor$ScheduledFutureTask.run(ScheduledThreadPoolExecutor.java:304) ~[na:na]
	at java.base/java.util.concurrent.ThreadPoolExecutor.runWorker(ThreadPoolExecutor.java:1136) ~[na:na]
	at java.base/java.util.concurrent.ThreadPoolExecutor$Worker.run(ThreadPoolExecutor.java:635) ~[na:na]
	at java.base/java.lang.Thread.run(Thread.java:833) ~[na:na]

2023-01-14 20:47:54.508  INFO 8124 --- [main] i.s.userprofile.UserprofileApplication   : Started UserprofileApplication in 24.35 seconds (JVM running for 26.825)
2023-01-14 20:48:22.524  INFO 8124 --- [DiscoveryClient-CacheRefreshExecutor-0] com.netflix.discovery.DiscoveryClient    : Disable delta property : false
2023-01-14 20:48:22.526  INFO 8124 --- [DiscoveryClient-CacheRefreshExecutor-0] com.netflix.discovery.DiscoveryClient    : Single vip registry refresh property : null
2023-01-14 20:48:22.527  INFO 8124 --- [DiscoveryClient-CacheRefreshExecutor-0] com.netflix.discovery.DiscoveryClient    : Force full registry fetch : false
2023-01-14 20:48:22.528  INFO 8124 --- [DiscoveryClient-CacheRefreshExecutor-0] com.netflix.discovery.DiscoveryClient    : Application is null : false
2023-01-14 20:48:22.528  INFO 8124 --- [DiscoveryClient-CacheRefreshExecutor-0] com.netflix.discovery.DiscoveryClient    : Registered Applications size is zero : true
2023-01-14 20:48:22.528  INFO 8124 --- [DiscoveryClient-CacheRefreshExecutor-0] com.netflix.discovery.DiscoveryClient    : Application version is -1: true
2023-01-14 20:48:22.528  INFO 8124 --- [DiscoveryClient-CacheRefreshExecutor-0] com.netflix.discovery.DiscoveryClient    : Getting all instance registry info from the eureka server
2023-01-14 20:48:22.593  INFO 8124 --- [DiscoveryClient-CacheRefreshExecutor-0] com.netflix.discovery.DiscoveryClient    : The response status is 200
2023-01-14 20:48:22.617  INFO 8124 --- [DiscoveryClient-HeartbeatExecutor-0] com.netflix.discovery.DiscoveryClient    : DiscoveryClient_USER-PROFILE-SERVICE/host.docker.internal:user-profile-service:9001 - Re-registering apps/USER-PROFILE-SERVICE
2023-01-14 20:48:22.618  INFO 8124 --- [DiscoveryClient-HeartbeatExecutor-0] com.netflix.discovery.DiscoveryClient    : DiscoveryClient_USER-PROFILE-SERVICE/host.docker.internal:user-profile-service:9001: registering service...
2023-01-14 20:48:22.628  INFO 8124 --- [DiscoveryClient-HeartbeatExecutor-0] com.netflix.discovery.DiscoveryClient    : DiscoveryClient_USER-PROFILE-SERVICE/host.docker.internal:user-profile-service:9001 - registration status: 204
2023-01-14 20:48:52.610  INFO 8124 --- [DiscoveryClient-CacheRefreshExecutor-0] com.netflix.discovery.DiscoveryClient    : Disable delta property : false
2023-01-14 20:48:52.612  INFO 8124 --- [DiscoveryClient-CacheRefreshExecutor-0] com.netflix.discovery.DiscoveryClient    : Single vip registry refresh property : null
2023-01-14 20:48:52.612  INFO 8124 --- [DiscoveryClient-CacheRefreshExecutor-0] com.netflix.discovery.DiscoveryClient    : Force full registry fetch : false
2023-01-14 20:48:52.612  INFO 8124 --- [DiscoveryClient-CacheRefreshExecutor-0] com.netflix.discovery.DiscoveryClient    : Application is null : false
2023-01-14 20:48:52.612  INFO 8124 --- [DiscoveryClient-CacheRefreshExecutor-0] com.netflix.discovery.DiscoveryClient    : Registered Applications size is zero : true
2023-01-14 20:48:52.612  INFO 8124 --- [DiscoveryClient-CacheRefreshExecutor-0] com.netflix.discovery.DiscoveryClient    : Application version is -1: false
2023-01-14 20:48:52.612  INFO 8124 --- [DiscoveryClient-CacheRefreshExecutor-0] com.netflix.discovery.DiscoveryClient    : Getting all instance registry info from the eureka server
2023-01-14 20:48:52.629  INFO 8124 --- [DiscoveryClient-CacheRefreshExecutor-0] com.netflix.discovery.DiscoveryClient    : The response status is 200
2023-01-14 20:49:44.806  INFO 8124 --- [http-nio-9001-exec-1] o.a.c.c.C.[Tomcat].[localhost].[/]       : Initializing Spring DispatcherServlet 'dispatcherServlet'
2023-01-14 20:49:44.806  INFO 8124 --- [http-nio-9001-exec-1] o.s.web.servlet.DispatcherServlet        : Initializing Servlet 'dispatcherServlet'
2023-01-14 20:49:44.809  INFO 8124 --- [http-nio-9001-exec-1] o.s.web.servlet.DispatcherServlet        : Completed initialization in 1 ms
2023-01-14 20:49:44.838  WARN 8124 --- [http-nio-9001-exec-1] o.s.web.servlet.PageNotFound             : No mapping for GET /api/v1/users
2023-01-14 20:52:02.033  WARN 8124 --- [http-nio-9001-exec-4] .w.s.m.s.DefaultHandlerExceptionResolver : Resolved [org.springframework.web.HttpRequestMethodNotSupportedException: Request method 'GET' not supported]
2023-01-14 20:52:06.653  INFO 8124 --- [http-nio-9001-exec-3] i.s.userprofile.aspect.LoggingAspect     : Inside the before advice
2023-01-14 20:52:06.655  INFO 8124 --- [http-nio-9001-exec-3] i.s.userprofile.aspect.LoggingAspect     : Target method is loginUser
2023-01-14 20:52:06.880  WARN 8124 --- [http-nio-9001-exec-3] o.s.s.c.bcrypt.BCryptPasswordEncoder     : Encoded password does not look like BCrypt
2023-01-14 20:52:06.880  INFO 8124 --- [http-nio-9001-exec-3] i.s.userprofile.aspect.LoggingAspect     : Inside the After Throwing advice
2023-01-14 20:52:06.880  INFO 8124 --- [http-nio-9001-exec-3] i.s.userprofile.aspect.LoggingAspect     : Target method is authenticateUser
2023-01-14 20:52:06.881  INFO 8124 --- [http-nio-9001-exec-3] i.s.userprofile.aspect.LoggingAspect     : Exception thrown InValid credentials
2023-01-14 20:52:06.882  INFO 8124 --- [http-nio-9001-exec-3] i.s.userprofile.aspect.LoggingAspect     : Inside the After advice
2023-01-14 20:52:06.882  INFO 8124 --- [http-nio-9001-exec-3] i.s.userprofile.aspect.LoggingAspect     : Target method is loginUser
2023-01-14 20:52:06.882  INFO 8124 --- [http-nio-9001-exec-3] i.s.userprofile.aspect.LoggingAspect     : loginUser completed execution
2023-01-14 20:52:38.180  INFO 8124 --- [http-nio-9001-exec-5] i.s.userprofile.aspect.LoggingAspect     : Inside the before advice
2023-01-14 20:52:38.180  INFO 8124 --- [http-nio-9001-exec-5] i.s.userprofile.aspect.LoggingAspect     : Target method is loginUser
2023-01-14 20:52:38.292  INFO 8124 --- [http-nio-9001-exec-5] i.s.userprofile.aspect.LoggingAspect     : Inside the After Throwing advice
2023-01-14 20:52:38.292  INFO 8124 --- [http-nio-9001-exec-5] i.s.userprofile.aspect.LoggingAspect     : Target method is authenticateUser
2023-01-14 20:52:38.292  INFO 8124 --- [http-nio-9001-exec-5] i.s.userprofile.aspect.LoggingAspect     : Exception thrown InValid credentials
2023-01-14 20:52:38.293  INFO 8124 --- [http-nio-9001-exec-5] i.s.userprofile.aspect.LoggingAspect     : Inside the After advice
2023-01-14 20:52:38.293  INFO 8124 --- [http-nio-9001-exec-5] i.s.userprofile.aspect.LoggingAspect     : Target method is loginUser
2023-01-14 20:52:38.293  INFO 8124 --- [http-nio-9001-exec-5] i.s.userprofile.aspect.LoggingAspect     : loginUser completed execution
2023-01-14 20:52:43.272  INFO 8124 --- [http-nio-9001-exec-6] i.s.userprofile.aspect.LoggingAspect     : Inside the before advice
2023-01-14 20:52:43.273  INFO 8124 --- [http-nio-9001-exec-6] i.s.userprofile.aspect.LoggingAspect     : Target method is loginUser
2023-01-14 20:52:44.120  INFO 8124 --- [http-nio-9001-exec-6] i.s.userprofile.aspect.LoggingAspect     : Inside the After Returning advice
2023-01-14 20:52:44.121  INFO 8124 --- [http-nio-9001-exec-6] i.s.userprofile.aspect.LoggingAspect     : Target method is loginUser
2023-01-14 20:52:44.122  INFO 8124 --- [http-nio-9001-exec-6] i.s.userprofile.aspect.LoggingAspect     : Returned value is <200 OK OK,{status=200, email=kapoor@gmail.com, jwt_token=eyJhbGciOiJIUzUxMiJ9.eyJleHAiOjE2NzM3MTY5NjMsImlhdCI6MTY3MzcwOTc2Mywic3ViIjoia2Fwb29yQGdtYWlsLmNvbSIsImlzcyI6ImluLnN0YWNrcm91dGUifQ.NpwUogwhTJ2mtvTLhtgSSqNwfQNMHegB8lOBOu9yTzTPCwv5vvkVr8XlUMEUoKuaMTMAPeWGYO2mptKH8zJkkw},[]>
2023-01-14 20:52:44.123  INFO 8124 --- [http-nio-9001-exec-6] i.s.userprofile.aspect.LoggingAspect     : Inside the After advice
2023-01-14 20:52:44.123  INFO 8124 --- [http-nio-9001-exec-6] i.s.userprofile.aspect.LoggingAspect     : Target method is loginUser
2023-01-14 20:52:44.124  INFO 8124 --- [http-nio-9001-exec-6] i.s.userprofile.aspect.LoggingAspect     : loginUser completed execution
2023-01-14 20:52:50.982  INFO 8124 --- [AsyncResolver-bootstrap-executor-0] c.n.d.s.r.aws.ConfigClusterResolver      : Resolving eureka endpoints via configuration
2023-01-14 20:53:02.758  WARN 8124 --- [http-nio-9001-exec-8] .w.s.m.s.DefaultHandlerExceptionResolver : Resolved [org.springframework.web.bind.MissingServletRequestParameterException: Required request parameter 'email' for method parameter type String is not present]
2023-01-14 20:53:51.679  WARN 8124 --- [http-nio-9001-exec-7] .w.s.m.s.DefaultHandlerExceptionResolver : Resolved [org.springframework.web.HttpRequestMethodNotSupportedException: Request method 'PUT' not supported]
2023-01-14 20:54:06.133  WARN 8124 --- [http-nio-9001-exec-9] .w.s.m.s.DefaultHandlerExceptionResolver : Resolved [org.springframework.web.HttpRequestMethodNotSupportedException: Request method 'PUT' not supported]
2023-01-14 20:54:13.647  WARN 8124 --- [http-nio-9001-exec-10] .w.s.m.s.DefaultHandlerExceptionResolver : Resolved [org.springframework.web.bind.MissingServletRequestParameterException: Required request parameter 'email' for method parameter type String is not present]
2023-01-14 20:57:50.996  INFO 8124 --- [AsyncResolver-bootstrap-executor-0] c.n.d.s.r.aws.ConfigClusterResolver      : Resolving eureka endpoints via configuration
2023-01-14 20:59:55.875  INFO 8124 --- [http-nio-9001-exec-1] i.s.userprofile.aspect.LoggingAspect     : Inside the before advice
2023-01-14 20:59:55.877  INFO 8124 --- [http-nio-9001-exec-1] i.s.userprofile.aspect.LoggingAspect     : Target method is loadResetPassword
2023-01-14 20:59:55.879  INFO 8124 --- [http-nio-9001-exec-1] i.s.userprofile.aspect.LoggingAspect     : Inside the After Returning advice
2023-01-14 20:59:55.879  INFO 8124 --- [http-nio-9001-exec-1] i.s.userprofile.aspect.LoggingAspect     : Target method is loadResetPassword
2023-01-14 20:59:55.879  INFO 8124 --- [http-nio-9001-exec-1] i.s.userprofile.aspect.LoggingAspect     : Returned value is reset_password
2023-01-14 20:59:55.884  INFO 8124 --- [http-nio-9001-exec-1] i.s.userprofile.aspect.LoggingAspect     : Inside the After advice
2023-01-14 20:59:55.884  INFO 8124 --- [http-nio-9001-exec-1] i.s.userprofile.aspect.LoggingAspect     : Target method is loadResetPassword
2023-01-14 20:59:55.885  INFO 8124 --- [http-nio-9001-exec-1] i.s.userprofile.aspect.LoggingAspect     : loadResetPassword completed execution
2023-01-14 21:00:50.084  WARN 8124 --- [http-nio-9001-exec-2] o.s.web.servlet.PageNotFound             : No mapping for PUT /api/v1/users/reset/kapoor@gmail.com
2023-01-14 21:02:51.002  INFO 8124 --- [AsyncResolver-bootstrap-executor-0] c.n.d.s.r.aws.ConfigClusterResolver      : Resolving eureka endpoints via configuration
2023-01-14 21:04:35.200  WARN 8124 --- [http-nio-9001-exec-3] o.s.web.servlet.PageNotFound             : No mapping for POST /api/v1/users/reset/kapoor@gmail.com
2023-01-14 21:04:39.069  WARN 8124 --- [http-nio-9001-exec-5] o.s.web.servlet.PageNotFound             : No mapping for PUT /api/v1/users/reset/kapoor@gmail.com
2023-01-14 21:04:42.786  WARN 8124 --- [http-nio-9001-exec-6] o.s.web.servlet.PageNotFound             : No mapping for GET /api/v1/users/reset/kapoor@gmail.com
2023-01-14 21:04:56.996  WARN 8124 --- [http-nio-9001-exec-8] o.s.web.servlet.PageNotFound             : No mapping for GET /api/v1/users/reset/kapoor@gmail.com
2023-01-14 21:05:01.177  WARN 8124 --- [http-nio-9001-exec-7] o.s.web.servlet.PageNotFound             : No mapping for PUT /api/v1/users/reset/kapoor@gmail.com
2023-01-14 21:07:51.007  INFO 8124 --- [AsyncResolver-bootstrap-executor-0] c.n.d.s.r.aws.ConfigClusterResolver      : Resolving eureka endpoints via configuration
2023-01-14 21:12:51.018  INFO 8124 --- [AsyncResolver-bootstrap-executor-0] c.n.d.s.r.aws.ConfigClusterResolver      : Resolving eureka endpoints via configuration
2023-01-14 21:17:51.021  INFO 8124 --- [AsyncResolver-bootstrap-executor-0] c.n.d.s.r.aws.ConfigClusterResolver      : Resolving eureka endpoints via configuration
2023-01-14 21:22:51.038  INFO 8124 --- [AsyncResolver-bootstrap-executor-0] c.n.d.s.r.aws.ConfigClusterResolver      : Resolving eureka endpoints via configuration
2023-01-14 21:27:51.052  INFO 8124 --- [AsyncResolver-bootstrap-executor-0] c.n.d.s.r.aws.ConfigClusterResolver      : Resolving eureka endpoints via configuration
2023-01-14 21:32:51.060  INFO 8124 --- [AsyncResolver-bootstrap-executor-0] c.n.d.s.r.aws.ConfigClusterResolver      : Resolving eureka endpoints via configuration
2023-01-14 21:37:51.069  INFO 8124 --- [AsyncResolver-bootstrap-executor-0] c.n.d.s.r.aws.ConfigClusterResolver      : Resolving eureka endpoints via configuration
2023-01-14 21:42:51.074  INFO 8124 --- [AsyncResolver-bootstrap-executor-0] c.n.d.s.r.aws.ConfigClusterResolver      : Resolving eureka endpoints via configuration
2023-01-14 21:47:51.090  INFO 8124 --- [AsyncResolver-bootstrap-executor-0] c.n.d.s.r.aws.ConfigClusterResolver      : Resolving eureka endpoints via configuration
2023-01-14 21:52:51.092  INFO 8124 --- [AsyncResolver-bootstrap-executor-0] c.n.d.s.r.aws.ConfigClusterResolver      : Resolving eureka endpoints via configuration
2023-01-14 21:57:51.096  INFO 8124 --- [AsyncResolver-bootstrap-executor-0] c.n.d.s.r.aws.ConfigClusterResolver      : Resolving eureka endpoints via configuration
2023-01-14 22:02:51.102  INFO 8124 --- [AsyncResolver-bootstrap-executor-0] c.n.d.s.r.aws.ConfigClusterResolver      : Resolving eureka endpoints via configuration
2023-01-14 22:07:51.105  INFO 8124 --- [AsyncResolver-bootstrap-executor-0] c.n.d.s.r.aws.ConfigClusterResolver      : Resolving eureka endpoints via configuration
2023-01-14 22:12:51.113  INFO 8124 --- [AsyncResolver-bootstrap-executor-0] c.n.d.s.r.aws.ConfigClusterResolver      : Resolving eureka endpoints via configuration
2023-01-14 22:17:51.127  INFO 8124 --- [AsyncResolver-bootstrap-executor-0] c.n.d.s.r.aws.ConfigClusterResolver      : Resolving eureka endpoints via configuration
2023-01-14 22:22:51.135  INFO 8124 --- [AsyncResolver-bootstrap-executor-0] c.n.d.s.r.aws.ConfigClusterResolver      : Resolving eureka endpoints via configuration
2023-01-14 22:27:51.143  INFO 8124 --- [AsyncResolver-bootstrap-executor-0] c.n.d.s.r.aws.ConfigClusterResolver      : Resolving eureka endpoints via configuration
2023-01-14 22:32:51.146  INFO 8124 --- [AsyncResolver-bootstrap-executor-0] c.n.d.s.r.aws.ConfigClusterResolver      : Resolving eureka endpoints via configuration
2023-01-14 22:37:51.158  INFO 8124 --- [AsyncResolver-bootstrap-executor-0] c.n.d.s.r.aws.ConfigClusterResolver      : Resolving eureka endpoints via configuration
2023-01-14 22:42:51.186  INFO 8124 --- [AsyncResolver-bootstrap-executor-0] c.n.d.s.r.aws.ConfigClusterResolver      : Resolving eureka endpoints via configuration
2023-01-14 22:48:02.081  INFO 8124 --- [AsyncResolver-bootstrap-executor-0] c.n.d.s.r.aws.ConfigClusterResolver      : Resolving eureka endpoints via configuration
2023-01-14 22:53:02.128  INFO 8124 --- [AsyncResolver-bootstrap-executor-0] c.n.d.s.r.aws.ConfigClusterResolver      : Resolving eureka endpoints via configuration
